user_id,event_date,campaign_id,channel,impressions,clicks,conversions,revenue,cost,age,region,signup_date
U0655,2025-02-27,CMP001,Ads,601,12,0,0.0,2.89,26,North,2023-04-07
U0759,2025-02-14,CMP010,Social,161,1,1,5.66,0.4,31,South,2023-09-16
U0617,2025-01-14,CMP009,Email,1430,41,1,45.82,1.64,52,West,2024-06-03
U0460,2025-05-23,CMP001,Ads,426,5,0,0.0,2.09,45,East,2024-08-12
U0160,2025-04-21,CMP006,Email,878,33,1,4.13,1.12,40,East,2023-08-12
U0271,2025-01-23,CMP008,Social,1988,37,0,0.0,4.54,23,Central,2024-03-29
U0644,2025-07-05,CMP010,Email,242,8,0,0.0,0.27,60,South,2023-05-06
U0297,2025-02-10,CMP004,Ads,878,20,0,0.0,4.03,47,East,2024-08-28
U0380,2025-07-01,CMP004,Ads,1537,13,0,0.0,7.78,59,North,2023-10-17
U0651,2025-03-29,CMP009,Ads,434,6,0,0.0,2.62,42,East,2023-06-13
U0705,2025-04-23,CMP006,Ads,1689,29,0,0.0,9.71,32,North,2024-06-04
U0411,2025-05-18,CMP002,Email,1261,38,2,105.5,1.58,38,South,2023-07-17
U0512,2025-07-22,CMP008,Email,385,11,1,10.25,0.47,65,Central,2024-01-18
U0270,2025-08-08,CMP010,Social,549,19,0,0.0,1.25,50,West,2025-05-07
U0774,2025-01-25,CMP002,Email,427,10,2,89.97,0.45,45,Central,2024-11-21
U0395,2025-07-15,CMP010,Referral,1183,64,4,70.31,0.72,53,North,2023-08-19
U0739,2025-02-28,CMP009,Ads,1674,43,2,115.84,8.6,39,North,2024-05-04
U0446,2025-03-22,CMP008,Email,1578,47,4,160.56,1.74,34,Central,2023-02-01
U0183,2025-09-17,CMP002,Ads,711,3,0,0.0,3.66,50,Central,2025-02-26
U0157,2025-07-11,CMP003,Social,1694,48,4,90.07,4.65,18,Central,2024-08-14
U0501,2025-01-10,CMP002,Ads,1899,11,0,0.0,8.74,33,North,2024-05-09
U0581,2025-02-10,CMP002,Ads,1771,34,0,0.0,8.83,52,South,2024-10-02
U0676,2025-09-01,CMP009,Email,1180,41,2,52.65,1.36,45,South,2024-02-27
U0774,2025-04-13,CMP005,Social,1475,28,0,0.0,3.38,41,West,2023-11-01
U0463,2025-03-03,CMP004,Email,792,27,1,5.29,0.77,55,Central,2024-07-11
U0603,2025-04-23,CMP001,Email,1392,42,6,34.53,1.4,32,North,2025-03-22
U0339,2025-02-06,CMP009,Email,1470,56,6,139.22,1.7,31,Central,2024-09-24
U0741,2025-08-31,CMP004,Ads,1753,18,0,0.0,10.62,30,North,2025-05-24
U0675,2025-08-09,CMP006,Social,1056,13,1,52.13,2.39,21,North,2025-06-08
U0413,2025-06-23,CMP002,Email,489,6,0,0.0,0.58,46,South,2024-04-17
U0188,2025-05-23,CMP008,Email,1990,51,2,10.99,2.31,46,Central,2025-02-12
U0052,2025-01-08,CMP002,Ads,1838,24,0,0.0,9.72,28,West,2023-08-30
U0493,2025-04-20,CMP007,Ads,437,9,0,0.0,2.4,18,West,2024-07-23
U0466,2025-05-27,CMP007,Ads,1596,26,0,0.0,7.75,60,West,2024-12-20
U0195,2025-06-01,CMP004,Referral,1286,62,5,296.67,0.83,52,North,2023-04-28
U0322,2025-01-30,CMP001,Social,1129,19,2,46.34,2.73,28,North,2023-08-29
U0083,2025-04-06,CMP002,Social,1482,38,0,0.0,4.8,43,North,2023-09-01
U0253,2025-01-21,CMP010,Email,1446,49,2,56.2,1.8,54,Central,2024-03-04
U0268,2025-04-15,CMP006,Email,910,27,3,31.8,1.07,60,East,2024-01-03
U0324,2025-02-07,CMP001,Social,1253,24,0,0.0,3.54,22,Central,2024-07-04
U0519,2025-05-16,CMP003,Ads,1904,29,0,0.0,8.68,33,East,2024-07-29
U0162,2025-08-13,CMP009,Ads,1352,14,0,0.0,7.77,51,North,2023-09-30
U0568,2025-06-03,CMP002,Ads,375,11,1,17.86,2.07,25,North,2023-05-05
U0567,2025-03-21,CMP005,Social,531,11,0,0.0,1.21,39,South,2023-04-18
U0650,2025-05-16,CMP009,Social,1954,33,1,5.1,5.79,23,West,2024-08-06
U0046,2025-01-02,CMP006,Ads,1404,18,1,15.33,8.04,28,West,2023-06-18
U0723,2025-08-07,CMP009,Email,254,5,0,0.0,0.24,27,Central,2025-07-02
U0379,2025-03-17,CMP007,Email,731,23,0,0.0,0.8,20,East,2024-08-14
U0699,2025-05-08,CMP002,Social,1246,22,0,0.0,2.86,57,South,2024-09-08
U0167,2025-04-01,CMP007,Email,1608,53,0,0.0,2.05,44,South,2024-07-02
U0164,2025-02-25,CMP007,Ads,1858,11,0,0.0,11.86,32,South,2023-11-12
U0359,2025-06-06,CMP004,Email,1451,47,0,0.0,1.7,43,East,2024-08-25
U0072,2025-05-23,CMP006,Social,918,22,0,0.0,2.32,52,East,2025-04-25
U0119,2025-05-14,CMP003,Social,643,15,1,5.47,1.96,24,Central,2024-02-25
U0354,2025-06-10,CMP007,Social,1147,21,1,5.98,3.05,42,Central,2024-11-28
U0261,2025-01-23,CMP007,Email,1995,69,4,97.16,2.39,61,South,2024-01-17
U0442,2025-02-05,CMP006,Social,1458,33,1,5.65,3.75,64,East,2023-09-05
U0317,2025-07-29,CMP006,Social,705,6,1,20.91,1.81,26,South,2024-05-25
U0681,2025-07-14,CMP003,Social,716,20,0,0.0,2.09,53,North,2024-09-06
U0294,2025-04-18,CMP007,Ads,1342,29,0,0.0,6.19,38,West,2024-01-22
U0453,2025-04-20,CMP009,Social,1945,24,1,42.34,4.65,28,North,2024-07-04
U0528,2025-06-21,CMP002,Ads,1638,23,0,0.0,7.61,61,East,2024-11-03
U0204,2025-03-17,CMP001,Email,1073,36,6,142.46,1.12,22,West,2024-01-18
U0645,2025-04-10,CMP007,Social,599,12,0,0.0,1.89,59,North,2023-03-04
U0789,2025-02-24,CMP007,Email,1746,47,0,0.0,1.65,51,West,2025-01-04
U0571,2025-05-08,CMP002,Social,1741,51,4,71.16,5.59,60,Central,2023-10-14
U0610,2025-06-12,CMP008,Social,1573,30,3,75.69,4.53,45,Central,2024-03-13
U0163,2025-09-01,CMP008,Social,606,12,1,58.02,1.39,35,Central,2024-04-23
U0642,2025-05-03,CMP005,Social,1561,32,0,0.0,4.06,33,East,2024-05-25
U0328,2025-02-11,CMP003,Email,884,33,5,269.82,0.99,27,South,2024-12-08
U0425,2025-07-28,CMP006,Social,951,26,0,0.0,2.92,31,West,2024-06-25
U0789,2025-01-11,CMP010,Social,112,3,1,12.27,0.25,37,West,2023-11-09
U0552,2025-04-23,CMP008,Email,992,44,3,59.25,1.06,19,West,2024-05-14
U0685,2025-07-27,CMP003,Ads,1983,35,1,12.0,12.88,57,Central,2025-06-30
U0404,2025-01-14,CMP002,Social,377,16,1,17.98,1.02,29,North,2024-04-23
U0389,2025-06-17,CMP004,Social,791,12,1,18.87,1.87,35,West,2024-10-02
U0084,2025-08-29,CMP001,Ads,206,5,0,0.0,1.15,32,North,2023-06-22
U0668,2025-01-21,CMP001,Ads,508,9,0,0.0,3.05,57,South,2024-05-22
U0130,2025-08-31,CMP002,Social,546,12,0,0.0,1.42,62,East,2023-07-08
U0378,2025-03-27,CMP010,Social,1631,18,2,93.93,4.51,25,South,2024-05-13
U0111,2025-01-14,CMP005,Social,1959,46,2,39.35,6.33,43,South,2024-10-29
U0607,2025-05-05,CMP002,Ads,717,4,0,0.0,3.41,56,North,2023-10-04
U0043,2025-06-27,CMP009,Social,858,15,0,0.0,2.34,50,East,2025-06-15
U0431,2025-09-08,CMP002,Social,841,10,0,0.0,2.13,47,South,2024-06-20
U0181,2025-09-25,CMP005,Social,1983,39,0,0.0,4.54,48,West,2024-07-06
U0749,2025-05-18,CMP006,Ads,1801,26,3,12.37,9.1,35,West,2024-09-11
U0769,2025-08-26,CMP010,Social,876,16,0,0.0,2.4,19,West,2024-09-28
U0187,2025-09-07,CMP004,Social,629,7,1,12.22,1.57,35,Central,2023-09-20
U0283,2025-01-06,CMP009,Ads,275,5,0,0.0,1.48,64,West,2023-08-25
U0569,2025-05-04,CMP008,Social,1105,11,0,0.0,2.84,19,North,2024-07-07
U0227,2025-07-27,CMP004,Social,1291,16,1,15.56,3.78,48,Central,2024-01-31
U0353,2025-08-06,CMP009,Social,1539,28,2,43.93,4.13,35,East,2024-11-22
U0237,2025-03-03,CMP004,Social,1621,27,1,25.71,4.22,62,South,2024-08-19
U0222,2025-09-05,CMP005,Ads,1656,21,0,0.0,8.27,56,East,2025-05-26
U0199,2025-06-01,CMP004,Social,719,11,0,0.0,1.68,63,Central,2025-01-23
U0281,2025-01-24,CMP001,Social,1528,19,0,0.0,4.92,58,West,2024-10-11
U0013,2025-05-26,CMP008,Social,797,14,0,0.0,2.53,21,East,2024-01-23
U0117,2025-02-03,CMP007,Social,1281,38,1,46.47,3.43,61,North,2024-09-01
U0153,2025-06-05,CMP002,Referral,342,13,1,22.89,0.19,44,Central,2023-10-04
U0634,2025-04-26,CMP009,Social,1960,36,0,0.0,4.53,37,Central,2024-02-12
U0313,2025-01-31,CMP010,Referral,303,19,3,31.15,0.16,58,South,2024-05-06
U0677,2025-02-11,CMP003,Email,1230,34,2,11.86,1.17,28,North,2023-12-21
U0462,2025-08-29,CMP005,Email,690,17,0,0.0,0.78,36,West,2025-06-18
U0704,2025-04-30,CMP005,Ads,1380,23,0,0.0,6.66,60,South,2024-02-20
U0118,2025-04-26,CMP003,Ads,1792,43,3,29.27,9.41,22,North,2024-11-08
U0315,2025-05-28,CMP008,Email,1510,38,1,17.4,1.59,62,West,2024-08-23
U0513,2025-09-10,CMP008,Email,181,7,0,0.0,0.21,65,East,2024-01-01
U0257,2025-01-14,CMP002,Email,1480,27,1,28.94,1.8,55,North,2022-11-23
U0689,2025-05-18,CMP010,Email,1648,43,0,0.0,1.99,48,Central,2023-07-21
U0453,2025-05-23,CMP003,Referral,992,67,9,382.95,0.53,49,North,2024-01-28
U0357,2025-07-29,CMP006,Social,314,4,0,0.0,0.91,39,West,2023-08-19
U0508,2025-05-28,CMP007,Ads,1226,18,1,4.36,7.74,47,North,2024-07-10
U0259,2025-06-15,CMP002,Referral,927,45,5,130.57,0.42,18,Central,2024-02-28
U0424,2025-01-28,CMP004,Social,1375,50,1,20.61,3.93,58,West,2022-12-12
U0053,2025-04-15,CMP005,Social,1999,67,1,12.68,6.47,46,West,2024-12-12
U0030,2025-05-03,CMP003,Social,128,4,0,0.0,0.39,44,North,2024-09-15
U0117,2025-08-25,CMP002,Social,415,15,0,0.0,1.24,63,East,2024-03-22
U0723,2025-05-20,CMP007,Ads,1067,7,0,0.0,5.87,47,Central,2024-12-23
U0393,2025-04-08,CMP010,Social,1900,48,2,16.1,5.54,22,East,2023-02-07
U0425,2025-06-24,CMP009,Social,105,0,0,0.0,0.3,64,East,2023-11-01
U0594,2025-09-08,CMP003,Social,1091,18,1,13.23,2.66,39,Central,2023-07-20
U0557,2025-07-13,CMP008,Ads,1880,29,0,0.0,10.16,62,South,2023-12-06
U0393,2025-04-30,CMP007,Email,1625,26,2,34.48,1.58,63,West,2024-03-31
U0680,2025-03-19,CMP008,Referral,358,20,1,20.25,0.17,55,East,2024-12-07
U0451,2025-02-21,CMP009,Ads,131,0,0,0.0,0.77,27,West,2023-04-23
U0159,2025-02-08,CMP008,Ads,642,9,0,0.0,3.2,57,West,2023-04-15
U0083,2025-06-18,CMP009,Social,748,22,0,0.0,1.84,63,West,2023-12-12
U0037,2025-02-05,CMP004,Social,1986,44,0,0.0,4.83,32,North,2023-11-19
U0101,2025-02-21,CMP008,Email,713,20,3,14.05,0.72,20,East,2024-12-26
U0301,2025-07-03,CMP006,Social,600,13,0,0.0,1.68,44,Central,2023-08-05
U0185,2025-03-29,CMP003,Email,1883,51,1,22.95,2.06,57,South,2023-11-06
U0598,2025-03-15,CMP004,Social,620,12,0,0.0,1.73,34,North,2023-11-25
U0295,2025-03-22,CMP002,Social,807,7,1,29.84,2.24,37,West,2023-04-16
U0257,2025-08-22,CMP005,Email,887,15,2,33.88,1.0,24,South,2024-07-28
U0586,2025-07-03,CMP010,Social,1532,38,0,0.0,4.79,19,West,2024-09-25
U0009,2025-01-26,CMP010,Ads,1805,44,4,58.05,9.51,32,Central,2024-02-01
U0225,2025-04-08,CMP010,Social,1647,23,1,41.66,4.7,60,South,2023-07-05
U0100,2025-01-21,CMP005,Ads,168,1,0,0.0,0.86,41,South,2024-10-21
U0303,2025-06-17,CMP007,Email,370,10,3,81.98,0.36,41,Central,2024-01-21
U0280,2025-03-26,CMP005,Ads,1086,13,0,0.0,6.56,65,East,2024-11-29
U0480,2025-02-08,CMP003,Ads,562,10,0,0.0,3.45,64,West,2023-07-19
U0375,2025-02-16,CMP007,Email,1198,40,2,8.37,1.52,47,East,2023-03-31
U0767,2025-05-15,CMP010,Social,1407,19,1,16.39,4.3,24,South,2024-01-19
U0026,2025-06-17,CMP010,Email,229,11,0,0.0,0.23,47,East,2023-08-23
U0419,2025-03-01,CMP003,Email,176,2,0,0.0,0.22,49,North,2024-11-22
U0241,2025-03-11,CMP007,Social,1473,39,2,93.59,4.38,62,Central,2024-01-07
U0602,2025-03-21,CMP007,Ads,1807,26,1,18.55,10.39,57,West,2024-06-08
U0034,2025-07-09,CMP004,Social,583,10,0,0.0,1.32,24,East,2023-12-30
U0661,2025-07-03,CMP001,Social,488,15,1,6.0,1.27,47,North,2023-08-25
U0218,2025-01-11,CMP001,Ads,598,7,0,0.0,3.87,54,South,2024-11-02
U0784,2025-04-17,CMP010,Email,1881,54,3,25.33,1.96,39,South,2023-08-16
U0003,2025-05-22,CMP003,Referral,1206,72,1,17.93,0.65,29,North,2023-07-16
U0027,2025-03-09,CMP001,Social,1714,42,1,8.36,4.57,55,East,2025-02-21
U0179,2025-05-16,CMP001,Email,962,34,0,0.0,1.12,25,North,2024-01-15
U0460,2025-07-05,CMP009,Social,1025,18,0,0.0,2.5,32,Central,2025-05-22
U0745,2025-09-24,CMP005,Social,163,0,0,0.0,0.52,48,West,2024-07-15
U0703,2025-02-25,CMP008,Ads,1008,25,0,0.0,4.99,23,East,2023-06-14
U0152,2025-02-03,CMP003,Social,1396,30,0,0.0,4.37,53,East,2024-01-10
U0612,2025-09-29,CMP005,Social,1339,29,2,45.79,4.1,24,North,2023-11-29
U0667,2025-04-21,CMP007,Social,567,8,0,0.0,1.42,39,West,2024-03-09
U0426,2025-02-18,CMP006,Social,1462,22,0,0.0,3.4,41,South,2023-03-18
U0486,2025-02-04,CMP002,Ads,290,4,0,0.0,1.51,24,East,2024-09-24
U0570,2025-01-31,CMP010,Referral,1250,74,11,175.46,0.78,60,North,2023-12-08
U0363,2025-08-05,CMP001,Referral,1329,87,11,189.54,0.61,40,North,2023-12-23
U0520,2025-04-19,CMP003,Ads,559,7,0,0.0,3.43,40,Central,2024-04-08
U0118,2025-05-23,CMP010,Email,978,17,1,26.17,1.26,57,Central,2023-07-02
U0659,2025-01-14,CMP010,Ads,1798,16,0,0.0,8.48,35,North,2024-07-14
U0280,2025-06-08,CMP006,Social,471,16,0,0.0,1.5,54,West,2025-03-29
U0146,2025-01-16,CMP002,Ads,540,5,0,0.0,3.06,44,West,2024-02-02
U0162,2025-07-09,CMP005,Ads,1690,29,1,29.69,10.14,56,North,2025-05-17
U0160,2025-03-22,CMP010,Email,267,3,0,0.0,0.29,46,West,2023-11-11
U0622,2025-08-15,CMP007,Social,1646,30,6,145.57,4.45,25,East,2024-06-01
U0114,2025-05-26,CMP010,Social,1466,37,0,0.0,4.26,20,South,2024-04-17
U0614,2025-01-29,CMP001,Email,532,22,0,0.0,0.56,34,East,2024-02-29
U0123,2025-01-04,CMP008,Ads,459,7,0,0.0,2.66,42,Central,2023-01-15
U0236,2025-09-14,CMP009,Ads,1751,31,1,16.63,10.84,22,West,2023-08-17
U0044,2025-08-12,CMP001,Social,259,3,0,0.0,0.74,54,West,2024-01-03
U0415,2025-08-02,CMP005,Email,142,2,0,0.0,0.15,28,Central,2024-04-18
U0707,2025-07-05,CMP002,Social,316,3,0,0.0,0.96,45,Central,2024-05-21
U0537,2025-02-10,CMP007,Ads,1627,11,0,0.0,8.88,32,East,2022-12-06
U0173,2025-02-09,CMP009,Social,1186,16,2,55.6,2.72,30,East,2024-02-16
U0745,2025-03-17,CMP004,Email,624,13,3,25.71,0.69,29,Central,2024-10-12
U0779,2025-02-08,CMP003,Referral,1386,78,6,120.85,0.65,47,Central,2022-12-23
U0594,2025-08-18,CMP010,Social,1379,19,0,0.0,3.89,58,East,2025-03-17
U0451,2025-02-04,CMP008,Social,720,14,0,0.0,2.08,55,North,2024-02-10
U0520,2025-02-07,CMP005,Social,177,8,0,0.0,0.46,41,East,2024-11-21
U0661,2025-02-16,CMP010,Social,887,22,1,21.15,2.46,55,Central,2023-01-22
U0043,2025-08-19,CMP010,Ads,758,5,0,0.0,4.73,48,Central,2025-03-18
U0064,2025-08-19,CMP002,Ads,1814,21,0,0.0,10.18,63,North,2024-03-21
U0662,2025-03-30,CMP001,Email,996,39,6,127.22,0.98,51,Central,2023-07-15
U0163,2025-07-06,CMP006,Ads,893,5,0,0.0,5.57,39,Central,2025-05-14
U0647,2025-06-21,CMP002,Social,1242,25,1,59.75,2.84,42,East,2024-10-06
U0742,2025-03-18,CMP006,Email,1459,46,6,53.06,1.68,40,East,2023-05-17
U0716,2025-07-20,CMP003,Social,273,4,0,0.0,0.66,53,West,2023-10-01
U0337,2025-03-07,CMP009,Email,1473,39,3,58.69,1.63,50,East,2025-02-17
U0372,2025-06-08,CMP003,Referral,799,52,5,90.33,0.46,30,South,2025-01-19
U0159,2025-02-09,CMP005,Ads,307,4,0,0.0,1.53,52,Central,2025-01-02
U0678,2025-06-22,CMP010,Email,871,21,1,8.99,1.0,28,South,2023-07-14
U0790,2025-03-26,CMP008,Email,846,17,0,0.0,0.99,64,South,2023-12-28
U0626,2025-05-26,CMP008,Email,589,25,1,17.21,0.58,48,South,2024-05-15
U0695,2025-08-14,CMP008,Ads,1693,15,0,0.0,7.75,50,Central,2024-06-12
U0166,2025-04-13,CMP010,Email,612,24,0,0.0,0.56,59,West,2024-03-29
U0568,2025-02-22,CMP009,Ads,683,14,0,0.0,3.74,28,East,2023-11-20
U0526,2025-03-17,CMP007,Email,1964,47,3,26.42,2.3,46,East,2025-02-18
U0425,2025-01-28,CMP007,Social,582,13,0,0.0,1.8,23,East,2024-06-13
U0029,2025-06-13,CMP002,Ads,1431,22,1,17.21,8.07,27,South,2025-05-05
U0294,2025-08-30,CMP003,Ads,1060,18,1,19.15,6.15,57,North,2025-06-10
U0020,2025-05-12,CMP004,Ads,1223,36,0,0.0,6.5,56,Central,2024-03-05
U0114,2025-05-28,CMP004,Social,197,4,0,0.0,0.52,44,Central,2024-02-15
U0065,2025-02-26,CMP008,Social,133,5,0,0.0,0.36,50,Central,2024-06-24
U0736,2025-03-15,CMP005,Social,1359,27,0,0.0,3.56,33,Central,2024-01-14
U0192,2025-02-13,CMP009,Referral,238,15,1,22.38,0.12,52,Central,2023-09-13
U0568,2025-01-11,CMP007,Ads,189,5,0,0.0,1.18,42,East,2024-04-27
U0766,2025-01-09,CMP006,Ads,806,0,0,0.0,4.27,64,North,2022-11-11
U0596,2025-06-20,CMP003,Email,1218,51,9,108.98,1.19,59,South,2023-04-15
U0702,2025-08-26,CMP008,Social,1761,45,0,0.0,4.41,22,West,2025-07-20
U0301,2025-04-14,CMP001,Ads,1914,23,0,0.0,10.95,38,East,2023-11-04
U0408,2025-08-31,CMP005,Email,1424,28,1,10.72,1.38,36,East,2023-06-24
U0049,2025-06-19,CMP005,Email,853,31,1,23.7,0.93,43,West,2024-05-20
U0348,2025-04-06,CMP008,Ads,852,8,0,0.0,4.86,35,North,2023-03-24
U0435,2025-02-10,CMP007,Social,1784,39,1,9.64,5.51,52,East,2024-03-19
U0106,2025-02-10,CMP006,Ads,727,8,1,18.2,4.47,56,West,2024-08-24
U0707,2025-08-16,CMP006,Social,1588,42,0,0.0,3.84,57,West,2024-11-08
U0655,2025-01-30,CMP002,Ads,931,14,0,0.0,5.38,50,South,2024-12-30
U0147,2025-08-13,CMP001,Email,583,17,1,51.89,0.64,41,East,2024-07-17
U0581,2025-01-17,CMP010,Email,1021,25,3,48.46,1.32,41,West,2022-11-28
U0079,2025-03-12,CMP009,Social,743,14,0,0.0,2.34,35,South,2024-11-16
U0027,2025-04-06,CMP008,Social,1970,35,0,0.0,4.57,25,East,2023-02-03
U0267,2025-08-17,CMP004,Referral,684,42,5,299.41,0.4,49,South,2025-04-14
U0139,2025-02-07,CMP008,Email,1560,71,4,94.64,1.51,23,East,2023-03-27
U0356,2025-02-03,CMP009,Social,1925,29,0,0.0,5.79,28,South,2024-01-30
U0521,2025-04-25,CMP002,Referral,1722,114,4,47.88,1.09,33,West,2025-03-30
U0370,2025-07-08,CMP008,Ads,1229,26,1,8.36,7.39,57,North,2025-05-02
U0317,2025-07-23,CMP008,Social,1675,32,0,0.0,3.92,54,North,2025-03-17
U0325,2025-02-07,CMP008,Social,1159,21,1,14.68,3.3,26,Central,2023-04-24
U0602,2025-04-04,CMP003,Social,1965,30,2,8.47,6.03,25,Central,2024-10-30
U0312,2025-03-26,CMP003,Social,1552,46,0,0.0,3.76,40,Central,2024-06-09
U0081,2025-05-09,CMP004,Social,1228,27,2,33.87,2.93,26,East,2023-08-19
U0547,2025-02-17,CMP009,Social,1312,49,1,23.99,3.14,27,South,2023-04-15
U0640,2025-06-22,CMP010,Email,1869,49,5,25.5,2.4,23,North,2023-09-05
U0790,2025-05-16,CMP004,Ads,953,6,0,0.0,5.51,58,North,2023-12-24
U0643,2025-05-29,CMP005,Social,1748,41,0,0.0,4.74,43,East,2024-02-20
U0075,2025-01-31,CMP003,Social,1091,33,0,0.0,2.59,31,East,2023-05-21
U0148,2025-06-10,CMP006,Ads,1862,24,0,0.0,12.09,43,South,2023-04-24
U0380,2025-09-21,CMP009,Email,595,17,1,20.22,0.64,25,East,2024-06-18
U0254,2025-03-14,CMP002,Email,886,19,1,28.28,1.06,44,South,2024-10-02
U0336,2025-06-10,CMP004,Ads,1120,7,0,0.0,5.35,47,West,2024-07-30
U0510,2025-01-12,CMP002,Ads,1135,3,0,0.0,6.93,33,South,2023-05-26
U0362,2025-01-25,CMP001,Social,1323,20,1,49.09,4.09,61,West,2024-04-08
U0550,2025-01-05,CMP002,Social,1907,38,1,14.86,5.01,64,East,2022-11-15
U0413,2025-07-07,CMP001,Social,1267,23,0,0.0,3.85,30,East,2023-12-19
U0296,2025-02-07,CMP007,Social,1665,34,1,20.38,5.25,35,Central,2023-03-14
U0626,2025-03-02,CMP003,Referral,906,59,2,32.85,0.5,39,Central,2024-02-22
U0774,2025-03-15,CMP004,Social,922,12,1,20.72,2.14,20,North,2025-02-04
U0141,2025-06-20,CMP008,Social,405,5,0,0.0,1.18,50,South,2024-07-20
U0628,2025-06-13,CMP003,Social,1362,18,0,0.0,3.43,37,Central,2024-07-04
U0520,2025-09-18,CMP009,Social,1252,27,0,0.0,3.59,48,North,2024-09-06
U0340,2025-02-26,CMP007,Social,1731,36,5,279.87,4.4,62,North,2023-06-26
U0486,2025-05-16,CMP010,Social,1577,23,0,0.0,5.01,55,West,2024-11-23
U0537,2025-07-14,CMP003,Ads,596,7,0,0.0,3.81,54,North,2024-12-31
U0020,2025-08-14,CMP006,Social,945,13,1,52.92,2.4,31,West,2024-03-19
U0794,2025-08-30,CMP001,Ads,1162,24,2,18.02,6.98,53,East,2023-10-22
U0490,2025-09-27,CMP007,Social,454,14,1,21.25,1.1,52,East,2024-03-17
U0363,2025-05-16,CMP010,Social,604,19,0,0.0,1.44,53,East,2024-09-28
U0305,2025-05-28,CMP004,Ads,1101,17,0,0.0,6.57,48,East,2023-11-02
U0739,2025-05-21,CMP005,Email,1485,51,4,107.56,1.86,42,West,2024-06-02
U0792,2025-03-16,CMP005,Email,1562,55,0,0.0,1.86,40,West,2023-05-15
U0263,2025-09-03,CMP004,Email,1203,42,2,31.39,1.17,53,East,2025-04-16
U0112,2025-05-03,CMP004,Email,1953,61,3,61.06,2.34,32,South,2025-03-11
U0103,2025-07-31,CMP006,Ads,305,1,0,0.0,1.98,26,North,2024-01-15
U0162,2025-07-28,CMP008,Social,508,10,0,0.0,1.34,38,East,2023-10-06
U0061,2025-02-15,CMP010,Email,1612,53,1,55.88,1.51,20,South,2023-12-16
U0181,2025-01-19,CMP007,Ads,481,7,0,0.0,2.7,36,North,2025-01-10
U0306,2025-02-24,CMP006,Social,1413,40,2,41.54,3.26,51,West,2024-10-10
U0517,2025-08-28,CMP005,Email,330,13,1,15.1,0.36,28,West,2023-11-04
U0264,2025-04-06,CMP001,Ads,1719,21,0,0.0,9.79,54,South,2024-10-09
U0626,2025-07-27,CMP007,Social,277,5,0,0.0,0.66,60,North,2025-01-19
U0144,2025-09-02,CMP006,Ads,113,2,0,0.0,0.55,42,South,2024-06-02
U0772,2025-05-17,CMP006,Social,1580,12,0,0.0,3.99,18,East,2023-07-18
U0369,2025-05-01,CMP001,Ads,1053,10,0,0.0,6.58,28,West,2023-05-30
U0515,2025-06-09,CMP002,Social,704,16,0,0.0,1.68,57,South,2024-10-28
U0137,2025-09-02,CMP003,Social,1340,28,0,0.0,4.04,44,Central,2024-05-08
U0776,2025-04-22,CMP004,Ads,1320,17,0,0.0,8.47,51,West,2023-10-30
U0721,2025-07-05,CMP002,Ads,329,2,0,0.0,1.66,53,Central,2024-12-10
U0587,2025-03-18,CMP003,Social,1165,25,0,0.0,2.66,25,South,2023-03-15
U0598,2025-09-08,CMP002,Ads,1012,15,0,0.0,4.6,47,South,2024-04-01
U0426,2025-08-22,CMP010,Email,1046,30,1,54.62,1.35,37,North,2024-07-13
U0261,2025-01-02,CMP004,Social,192,3,0,0.0,0.62,40,North,2023-06-28
U0062,2025-02-05,CMP008,Email,937,15,0,0.0,0.94,26,West,2024-01-19
U0392,2025-08-18,CMP007,Social,1498,30,3,163.37,3.47,52,South,2023-10-19
U0357,2025-03-02,CMP003,Referral,904,53,6,129.95,0.58,26,South,2025-02-27
U0775,2025-01-12,CMP005,Social,1572,29,2,50.91,3.63,45,Central,2023-12-21
U0236,2025-05-07,CMP008,Social,664,17,0,0.0,1.63,64,North,2025-04-05
U0677,2025-08-03,CMP010,Ads,1909,20,0,0.0,9.37,33,South,2025-05-27
U0104,2025-01-18,CMP008,Social,1540,27,4,22.18,3.51,33,North,2023-12-04
U0450,2025-04-30,CMP009,Email,1868,46,2,11.29,1.97,26,Central,2024-07-08
U0240,2025-06-13,CMP010,Social,1477,30,0,0.0,4.5,33,East,2025-01-18
U0677,2025-09-24,CMP004,Social,663,16,0,0.0,2.02,53,Central,2023-09-03
U0180,2025-08-07,CMP009,Social,805,25,0,0.0,1.92,60,West,2024-02-17
U0327,2025-08-02,CMP007,Email,870,30,1,8.61,0.94,52,West,2024-11-29
U0231,2025-06-03,CMP003,Ads,1973,28,1,5.01,12.69,53,West,2024-04-03
U0571,2025-09-29,CMP003,Social,622,15,0,0.0,1.95,39,North,2024-06-26
U0380,2025-02-17,CMP009,Ads,490,1,0,0.0,2.91,35,West,2023-03-31
U0620,2025-01-21,CMP002,Email,1659,33,2,54.2,1.7,64,Central,2024-06-13
U0491,2025-04-17,CMP006,Social,1961,41,1,5.66,5.07,31,South,2023-03-20
U0121,2025-09-03,CMP004,Ads,1541,32,0,0.0,7.37,43,South,2024-02-16
U0330,2025-05-25,CMP007,Social,1428,27,0,0.0,3.72,37,East,2024-05-22
U0526,2025-09-12,CMP008,Email,1579,42,2,42.98,1.47,38,South,2024-08-29
U0321,2025-07-31,CMP001,Social,553,9,1,45.59,1.6,27,North,2024-11-06
U0567,2025-08-02,CMP005,Email,775,21,1,8.13,0.79,42,Central,2024-11-24
U0512,2025-06-22,CMP005,Ads,1100,24,1,55.77,6.41,59,West,2024-03-08
U0173,2025-06-30,CMP003,Email,1219,37,1,22.92,1.36,29,Central,2023-09-12
U0061,2025-09-26,CMP001,Ads,252,2,0,0.0,1.51,21,North,2024-07-31
U0141,2025-04-29,CMP002,Ads,118,3,0,0.0,0.71,50,West,2024-04-12
U0062,2025-09-05,CMP008,Email,1189,38,0,0.0,1.33,44,North,2025-08-19
U0543,2025-05-21,CMP009,Referral,135,2,0,0.0,0.08,62,West,2024-11-19
U0110,2025-02-19,CMP009,Email,493,14,0,0.0,0.61,51,East,2024-02-23
U0274,2025-07-23,CMP002,Social,931,29,1,16.63,2.32,54,South,2023-08-10
U0232,2025-06-03,CMP002,Ads,1857,21,2,103.96,8.78,20,North,2024-04-14
U0389,2025-07-13,CMP009,Social,1404,37,2,10.41,4.41,62,South,2025-04-20
U0512,2025-08-11,CMP006,Social,1857,59,0,0.0,4.89,51,North,2024-12-19
U0217,2025-09-01,CMP005,Email,252,16,1,54.87,0.28,35,Central,2024-02-02
U0674,2025-01-17,CMP003,Ads,744,7,0,0.0,3.42,31,Central,2024-08-23
U0771,2025-07-23,CMP002,Social,1254,32,0,0.0,3.07,54,West,2023-08-30
U0554,2025-06-19,CMP007,Ads,386,1,0,0.0,1.74,64,North,2024-01-24
U0764,2025-06-27,CMP001,Email,575,20,1,5.03,0.59,39,Central,2023-05-02
U0629,2025-07-23,CMP006,Email,659,14,1,16.91,0.68,49,South,2024-07-24
U0567,2025-07-12,CMP007,Email,1299,48,2,96.44,1.64,42,North,2023-05-14
U0634,2025-06-01,CMP004,Ads,268,4,1,17.73,1.65,27,West,2023-06-04
U0650,2025-03-20,CMP007,Social,318,8,0,0.0,0.86,18,East,2023-12-21
U0369,2025-05-19,CMP002,Email,483,11,1,16.57,0.45,46,Central,2023-10-29
U0525,2025-07-28,CMP002,Email,824,29,2,47.24,0.94,23,Central,2023-11-24
U0333,2025-07-17,CMP001,Social,894,24,2,8.48,2.82,64,Central,2024-11-11
U0586,2025-09-24,CMP003,Ads,447,4,0,0.0,2.28,35,East,2024-12-24
U0505,2025-03-16,CMP002,Email,665,20,0,0.0,0.69,37,West,2024-12-28
U0370,2025-05-09,CMP004,Ads,1115,26,2,48.6,6.52,57,South,2024-01-27
U0110,2025-03-11,CMP005,Email,910,27,0,0.0,1.12,57,West,2024-04-08
U0451,2025-06-21,CMP007,Ads,1860,12,0,0.0,10.99,56,South,2024-08-18
U0329,2025-04-13,CMP008,Social,915,10,0,0.0,2.87,36,West,2023-09-02
U0249,2025-06-16,CMP007,Social,1709,17,0,0.0,4.43,41,North,2023-11-17
U0205,2025-04-03,CMP009,Email,1589,46,2,37.83,1.57,63,South,2024-01-11
U0299,2025-02-05,CMP007,Ads,385,7,0,0.0,1.75,37,South,2024-05-23
U0675,2025-03-20,CMP007,Ads,251,4,0,0.0,1.32,56,West,2023-08-02
U0411,2025-09-17,CMP007,Social,1719,31,0,0.0,4.41,62,Central,2024-01-18
U0654,2025-02-13,CMP002,Ads,1446,28,4,183.07,9.29,40,South,2023-04-23
U0628,2025-01-23,CMP010,Referral,1487,79,2,102.15,0.83,43,East,2023-11-10
U0109,2025-01-06,CMP002,Social,1145,26,0,0.0,2.8,51,Central,2023-05-23
U0705,2025-04-24,CMP008,Social,1048,17,2,102.31,2.72,55,Central,2024-11-21
U0354,2025-01-13,CMP008,Email,951,23,1,4.98,1.01,25,South,2024-01-23
U0320,2025-06-25,CMP008,Ads,1167,25,0,0.0,5.34,40,West,2025-03-18
U0449,2025-08-20,CMP006,Email,191,6,1,58.19,0.23,25,North,2024-09-03
U0664,2025-02-25,CMP003,Ads,1616,30,0,0.0,8.16,51,South,2023-08-10
U0164,2025-06-19,CMP009,Social,1046,30,0,0.0,2.97,43,South,2024-12-11
U0656,2025-08-10,CMP007,Email,1357,29,1,10.05,1.49,46,Central,2024-05-28
U0399,2025-01-03,CMP004,Email,1640,68,4,236.48,1.61,22,Central,2024-09-21
U0550,2025-04-06,CMP006,Social,1037,33,0,0.0,2.8,34,West,2023-10-14
U0655,2025-06-10,CMP010,Social,903,36,0,0.0,2.65,25,East,2024-06-15
U0469,2025-03-30,CMP005,Ads,1308,20,0,0.0,7.99,61,South,2024-05-14
U0121,2025-05-03,CMP005,Email,864,30,0,0.0,1.01,27,Central,2024-04-01
U0429,2025-03-12,CMP010,Social,480,3,0,0.0,1.44,58,Central,2023-04-02
U0661,2025-03-30,CMP009,Email,691,26,1,11.06,0.86,29,East,2023-12-25
U0635,2025-01-28,CMP006,Referral,1092,49,4,38.51,0.51,30,West,2023-07-03
U0518,2025-09-11,CMP007,Ads,951,13,1,41.45,6.1,46,West,2025-03-24
U0085,2025-01-16,CMP004,Social,662,3,0,0.0,1.96,52,East,2024-07-28
U0800,2025-08-23,CMP010,Ads,1668,9,0,0.0,10.61,53,Central,2025-04-30
U0587,2025-02-28,CMP005,Ads,1786,37,0,0.0,11.53,52,North,2023-01-12
U0737,2025-08-14,CMP009,Email,970,23,0,0.0,1.07,65,South,2024-10-14
U0034,2025-08-19,CMP005,Social,1772,53,0,0.0,5.25,46,North,2023-06-17
U0243,2025-04-18,CMP010,Ads,1863,29,0,0.0,9.44,57,West,2024-10-31
U0631,2025-03-13,CMP004,Ads,1749,21,0,0.0,7.87,54,East,2023-09-15
U0288,2025-03-28,CMP006,Referral,699,39,1,17.04,0.32,54,East,2023-10-19
U0696,2025-02-18,CMP003,Referral,1709,117,6,108.98,1.06,21,East,2023-04-19
U0130,2025-03-09,CMP004,Email,759,33,1,11.64,0.8,61,West,2023-10-25
U0146,2025-05-18,CMP007,Social,254,4,0,0.0,0.57,23,West,2023-12-08
U0768,2025-05-23,CMP006,Social,1099,27,2,33.13,3.52,55,North,2023-03-23
U0751,2025-02-17,CMP008,Social,1528,17,1,15.86,3.51,22,Central,2024-01-07
U0224,2025-08-08,CMP004,Social,761,17,0,0.0,1.87,39,Central,2023-12-26
U0134,2025-09-06,CMP006,Ads,1661,8,0,0.0,10.21,20,North,2023-12-05
U0471,2025-01-09,CMP002,Ads,423,6,0,0.0,2.09,47,North,2023-10-29
U0208,2025-03-09,CMP005,Email,1895,72,7,115.02,1.94,23,East,2024-06-26
U0085,2025-07-10,CMP003,Email,1381,38,5,68.62,1.45,64,South,2024-04-27
U0672,2025-02-16,CMP002,Email,1076,28,0,0.0,1.11,26,Central,2024-06-30
U0532,2025-08-16,CMP001,Email,803,22,0,0.0,0.73,45,South,2024-04-14
U0073,2025-04-28,CMP007,Email,1750,56,4,20.17,2.26,24,East,2024-04-17
U0307,2025-03-12,CMP007,Ads,1642,31,0,0.0,9.93,59,South,2025-01-01
U0544,2025-01-05,CMP010,Ads,1001,3,0,0.0,5.8,64,South,2023-04-03
U0767,2025-03-19,CMP007,Social,1006,23,1,9.21,2.33,23,North,2024-10-27
U0771,2025-03-05,CMP010,Ads,819,9,0,0.0,3.78,38,South,2024-06-25
U0284,2025-02-13,CMP004,Social,1328,29,0,0.0,3.17,56,East,2022-12-09
U0708,2025-01-14,CMP005,Email,1342,45,4,105.44,1.42,30,West,2024-03-18
U0662,2025-01-28,CMP004,Social,330,4,1,9.16,0.9,49,Central,2024-11-17
U0541,2025-01-07,CMP006,Ads,370,3,0,0.0,2.13,54,West,2023-12-30
U0560,2025-03-30,CMP008,Referral,1677,111,7,35.01,0.98,19,Central,2025-01-20
U0015,2025-05-15,CMP004,Email,223,9,0,0.0,0.24,50,East,2023-08-11
U0730,2025-09-14,CMP007,Social,923,7,1,5.96,2.81,58,Central,2024-03-13
U0631,2025-03-20,CMP005,Email,261,12,0,0.0,0.34,31,South,2023-09-18
U0335,2025-07-20,CMP010,Social,1809,21,1,41.46,5.2,61,North,2024-09-06
U0716,2025-08-12,CMP004,Email,276,11,0,0.0,0.33,25,West,2023-11-25
U0624,2025-01-29,CMP005,Ads,1447,29,0,0.0,8.74,29,North,2025-01-17
U0725,2025-03-12,CMP001,Email,810,13,0,0.0,0.8,51,East,2024-09-23
U0381,2025-03-06,CMP005,Ads,341,2,0,0.0,1.6,39,West,2024-06-01
U0537,2025-02-02,CMP005,Ads,1280,16,0,0.0,6.5,22,West,2023-10-25
U0524,2025-07-04,CMP001,Social,1260,44,0,0.0,3.3,41,South,2024-10-16
U0792,2025-02-22,CMP010,Ads,336,11,1,10.31,1.75,65,Central,2025-02-20
U0046,2025-01-07,CMP004,Email,845,23,1,21.25,0.84,27,South,2024-12-02
U0567,2025-08-03,CMP004,Social,952,16,0,0.0,2.31,38,East,2025-05-16
U0586,2025-07-10,CMP002,Social,1947,45,2,10.32,5.39,29,South,2024-01-29
U0048,2025-07-25,CMP002,Ads,1873,19,2,35.36,11.77,37,East,2025-04-28
U0567,2025-08-22,CMP001,Social,697,18,0,0.0,1.98,37,Central,2024-12-17
U0476,2025-07-08,CMP010,Referral,1682,110,3,24.83,1.07,64,Central,2023-05-22
U0252,2025-03-19,CMP001,Ads,148,1,0,0.0,0.87,52,East,2023-06-07
U0711,2025-01-05,CMP006,Email,1446,42,3,54.78,1.55,65,East,2024-09-21
U0211,2025-09-29,CMP004,Social,222,2,0,0.0,0.57,63,East,2025-06-26
U0045,2025-04-29,CMP009,Social,1934,14,0,0.0,4.79,47,North,2023-09-13
U0098,2025-09-16,CMP003,Social,907,29,1,4.61,2.34,55,Central,2025-07-15
U0446,2025-03-08,CMP004,Social,1842,45,4,67.36,5.96,43,East,2024-04-17
U0464,2025-05-20,CMP004,Email,515,15,1,8.31,0.58,55,North,2024-12-12
U0109,2025-03-26,CMP008,Social,932,18,1,5.9,2.14,52,East,2023-01-28
U0213,2025-08-20,CMP005,Social,1845,42,0,0.0,5.1,23,South,2023-09-18
U0312,2025-01-21,CMP004,Ads,771,5,0,0.0,4.57,23,South,2024-01-23
U0406,2025-09-20,CMP001,Ads,632,14,0,0.0,3.19,19,West,2024-06-14
U0570,2025-05-08,CMP002,Social,1746,35,4,45.7,5.15,25,North,2025-03-06
U0800,2025-04-24,CMP003,Email,920,39,3,42.85,0.89,61,North,2023-09-06
U0601,2025-05-13,CMP002,Email,232,7,0,0.0,0.21,59,West,2025-01-02
U0095,2025-06-19,CMP002,Email,1044,26,2,10.19,1.34,28,Central,2024-04-02
U0742,2025-07-22,CMP008,Email,1499,41,2,38.34,1.43,29,East,2024-12-15
U0192,2025-05-21,CMP005,Social,404,9,0,0.0,1.01,57,Central,2023-08-29
U0252,2025-06-01,CMP008,Social,1227,23,0,0.0,2.82,21,North,2024-08-19
U0393,2025-03-12,CMP007,Email,1911,44,3,70.02,2.28,33,Central,2025-02-21
U0392,2025-07-03,CMP008,Social,1092,21,0,0.0,3.21,54,Central,2024-08-08
U0398,2025-05-19,CMP003,Email,1322,36,2,21.37,1.52,19,East,2025-03-21
U0484,2025-09-29,CMP006,Ads,576,9,0,0.0,2.91,24,South,2023-11-27
U0247,2025-05-17,CMP009,Ads,1978,31,0,0.0,9.35,21,South,2023-10-06
U0398,2025-07-01,CMP003,Email,1313,53,1,14.39,1.32,65,East,2023-11-04
U0029,2025-06-30,CMP010,Social,1253,21,0,0.0,4.03,49,Central,2024-08-18
U0180,2025-09-09,CMP001,Email,576,10,2,45.95,0.54,32,North,2024-03-19
U0490,2025-01-01,CMP006,Ads,512,13,0,0.0,3.29,39,South,2024-02-05
U0061,2025-01-12,CMP003,Social,1978,52,0,0.0,6.32,25,Central,2024-01-05
U0075,2025-07-11,CMP007,Social,789,16,1,16.08,2.1,38,South,2025-01-31
U0750,2025-08-12,CMP008,Social,456,7,0,0.0,1.21,53,Central,2024-08-12
U0229,2025-03-31,CMP007,Social,1510,29,4,50.45,3.41,26,South,2023-03-16
U0002,2025-07-20,CMP010,Email,1333,28,1,16.34,1.2,57,South,2023-10-05
U0580,2025-02-23,CMP008,Email,1626,61,6,25.1,1.59,33,East,2024-04-02
U0172,2025-02-15,CMP006,Social,643,7,0,0.0,1.62,33,North,2024-02-23
U0263,2025-02-25,CMP001,Email,997,32,3,168.31,1.23,44,South,2023-12-30
U0505,2025-07-13,CMP006,Social,307,4,0,0.0,0.92,54,South,2025-01-28
U0463,2025-02-07,CMP001,Social,752,11,1,15.51,2.1,24,North,2024-02-23
U0175,2025-07-12,CMP003,Ads,1220,18,0,0.0,6.6,39,Central,2023-10-23
U0495,2025-01-16,CMP007,Ads,437,5,0,0.0,2.53,45,South,2024-11-23
U0104,2025-06-19,CMP004,Referral,938,64,5,250.26,0.43,53,Central,2024-09-21
U0677,2025-05-25,CMP005,Email,201,4,0,0.0,0.23,54,Central,2024-01-09
U0158,2025-01-28,CMP006,Email,279,5,0,0.0,0.33,60,Central,2023-09-25
U0205,2025-02-19,CMP001,Email,1407,46,2,27.72,1.41,23,West,2024-10-24
U0316,2025-07-23,CMP008,Social,1453,55,5,83.68,3.72,23,Central,2024-06-22
U0190,2025-07-09,CMP007,Social,1012,14,0,0.0,2.38,34,West,2024-03-20
U0270,2025-04-26,CMP005,Social,409,10,0,0.0,1.2,60,North,2025-01-29
U0685,2025-06-26,CMP009,Social,1649,40,1,21.6,4.82,32,Central,2025-04-25
U0397,2025-09-25,CMP007,Referral,1507,99,4,64.06,0.89,54,South,2024-05-26
U0307,2025-02-10,CMP007,Ads,1562,19,0,0.0,7.55,50,Central,2023-08-31
U0586,2025-03-17,CMP002,Ads,1019,12,0,0.0,5.64,28,South,2024-09-01
U0130,2025-01-22,CMP007,Email,1499,32,1,17.76,1.92,30,South,2023-05-24
U0265,2025-06-13,CMP002,Email,1239,34,3,64.71,1.46,53,East,2024-09-04
U0533,2025-08-23,CMP001,Ads,1376,19,0,0.0,7.66,51,West,2025-04-30
U0425,2025-03-18,CMP003,Social,1293,21,0,0.0,3.8,24,Central,2023-01-10
U0104,2025-05-27,CMP009,Ads,1897,30,0,0.0,10.13,34,West,2023-07-27
U0498,2025-08-31,CMP001,Email,925,28,1,10.75,0.93,57,Central,2023-10-04
U0711,2025-07-25,CMP001,Social,1900,59,2,28.0,5.78,62,South,2025-06-05
U0764,2025-09-01,CMP005,Ads,141,2,0,0.0,0.66,37,East,2024-11-18
U0504,2025-02-20,CMP004,Email,1623,49,1,20.33,2.09,38,East,2023-02-05
U0427,2025-02-15,CMP004,Social,1970,39,1,19.47,6.4,65,West,2022-12-31
U0529,2025-07-11,CMP001,Social,425,3,0,0.0,0.99,37,Central,2024-05-24
U0139,2025-09-26,CMP010,Email,494,15,0,0.0,0.45,21,South,2025-08-24
U0468,2025-01-26,CMP006,Ads,661,12,0,0.0,4.0,47,Central,2023-12-17
U0651,2025-03-05,CMP001,Email,1101,33,2,55.64,1.32,46,South,2023-11-06
U0601,2025-06-29,CMP006,Email,1931,53,5,82.27,1.87,65,North,2024-09-11
U0029,2025-07-17,CMP001,Email,1271,38,2,18.17,1.25,32,South,2023-08-24
U0212,2025-05-18,CMP007,Social,1870,23,0,0.0,5.16,18,West,2025-01-03
U0663,2025-03-30,CMP010,Ads,558,8,0,0.0,2.81,56,East,2023-04-01
U0727,2025-05-21,CMP007,Ads,1844,24,1,13.95,9.29,47,East,2024-10-10
U0478,2025-06-04,CMP009,Ads,913,13,0,0.0,5.32,24,North,2023-12-29
U0679,2025-07-11,CMP009,Social,1347,37,0,0.0,3.53,37,North,2024-03-05
U0066,2025-06-22,CMP005,Social,1864,38,2,26.92,5.23,34,East,2024-12-12
U0154,2025-09-22,CMP004,Ads,1749,25,1,28.88,9.01,43,East,2023-10-26
U0144,2025-01-14,CMP008,Referral,631,39,1,16.76,0.41,43,West,2022-12-22
U0037,2025-04-08,CMP006,Ads,555,14,0,0.0,2.77,52,West,2023-05-22
U0368,2025-09-17,CMP005,Ads,1821,21,0,0.0,11.05,53,South,2024-11-21
U0100,2025-08-30,CMP003,Ads,1585,10,0,0.0,9.56,29,East,2023-10-30
U0092,2025-04-24,CMP006,Email,1884,59,4,61.52,2.17,44,East,2024-04-09
U0267,2025-05-31,CMP008,Ads,1063,18,3,16.54,5.72,58,Central,2023-10-15
U0636,2025-02-06,CMP008,Ads,1124,10,1,5.86,7.15,61,West,2023-08-14
U0306,2025-07-31,CMP001,Ads,408,5,1,11.92,2.37,30,East,2024-06-07
U0584,2025-08-23,CMP003,Social,1565,40,4,34.68,4.3,23,West,2024-09-17
U0647,2025-04-01,CMP006,Social,109,3,0,0.0,0.31,35,South,2023-02-12
U0793,2025-03-28,CMP010,Ads,1102,11,0,0.0,6.8,26,Central,2024-01-09
U0649,2025-08-08,CMP007,Social,1077,27,3,67.27,3.46,18,North,2024-02-09
U0205,2025-07-11,CMP001,Ads,1650,16,0,0.0,8.34,30,North,2023-08-19
U0005,2025-05-08,CMP004,Ads,805,13,0,0.0,3.67,26,North,2024-04-11
U0516,2025-06-06,CMP003,Email,193,5,1,17.3,0.22,36,West,2023-05-23
U0533,2025-09-26,CMP006,Social,1506,39,2,23.98,3.43,39,West,2024-09-24
U0769,2025-04-07,CMP003,Ads,1980,38,4,90.14,12.29,19,South,2024-08-21
U0745,2025-03-09,CMP004,Ads,1307,12,0,0.0,6.58,28,North,2024-02-28
U0729,2025-01-20,CMP007,Ads,623,6,0,0.0,3.09,57,North,2023-05-23
U0050,2025-02-25,CMP001,Email,337,8,0,0.0,0.33,46,West,2024-10-22
U0561,2025-05-10,CMP008,Ads,520,6,1,43.1,2.43,61,North,2024-07-06
U0431,2025-02-21,CMP009,Social,1340,14,1,42.74,3.79,26,West,2024-11-06
U0524,2025-03-02,CMP005,Email,317,8,0,0.0,0.3,30,Central,2024-08-10
U0797,2025-05-15,CMP009,Referral,833,21,1,49.17,0.5,44,East,2024-12-02
U0041,2025-09-12,CMP004,Ads,1084,30,2,27.77,6.04,33,North,2025-08-30
U0688,2025-02-15,CMP002,Ads,1470,16,0,0.0,8.06,27,North,2022-12-10
U0524,2025-02-08,CMP002,Ads,1419,24,0,0.0,6.74,47,East,2024-05-14
U0476,2025-01-26,CMP002,Ads,1890,33,0,0.0,11.01,36,East,2023-03-05
U0321,2025-08-07,CMP002,Email,1652,53,0,0.0,2.03,18,South,2023-09-28
U0663,2025-03-29,CMP006,Social,996,31,1,21.43,2.61,35,North,2024-03-13
U0351,2025-04-04,CMP002,Social,1034,12,1,17.07,3.15,42,West,2024-01-29
U0665,2025-03-27,CMP002,Email,1587,54,3,13.5,1.6,28,North,2024-01-26
U0605,2025-09-05,CMP010,Ads,471,10,0,0.0,2.45,42,East,2023-12-19
U0030,2025-03-08,CMP008,Ads,331,8,0,0.0,1.63,46,North,2025-01-03
U0268,2025-06-10,CMP001,Ads,1488,24,0,0.0,7.16,65,Central,2023-05-31
U0579,2025-04-25,CMP006,Social,1509,10,3,166.17,4.0,57,North,2024-02-07
U0678,2025-05-08,CMP008,Social,1485,18,0,0.0,4.1,42,South,2023-10-15
U0628,2025-01-28,CMP001,Social,421,10,0,0.0,0.96,48,West,2024-08-12
U0077,2025-09-09,CMP006,Email,669,17,0,0.0,0.72,50,South,2024-02-24
U0659,2025-07-13,CMP007,Ads,261,3,0,0.0,1.37,46,Central,2024-04-11
U0091,2025-09-13,CMP008,Social,1118,23,0,0.0,2.78,59,North,2025-05-31
U0414,2025-07-31,CMP001,Social,100,5,0,0.0,0.23,56,Central,2023-10-18
U0312,2025-09-18,CMP009,Email,1475,52,3,48.72,1.89,39,East,2025-07-25
U0229,2025-08-21,CMP006,Social,1369,31,1,23.18,4.24,48,East,2023-08-19
U0464,2025-02-28,CMP002,Ads,554,4,1,4.02,3.29,39,East,2023-05-22
U0299,2025-09-25,CMP006,Ads,193,9,0,0.0,0.9,49,South,2023-09-22
U0761,2025-07-29,CMP002,Social,501,5,0,0.0,1.22,25,West,2024-12-21
U0469,2025-04-08,CMP006,Email,948,32,0,0.0,0.91,58,Central,2024-12-03
U0791,2025-08-19,CMP008,Ads,1132,17,0,0.0,6.59,49,North,2024-02-23
U0754,2025-01-25,CMP009,Ads,1817,25,0,0.0,8.95,48,Central,2022-11-18
U0182,2025-03-30,CMP003,Email,1446,45,3,80.73,1.46,56,East,2023-10-31
U0394,2025-08-03,CMP010,Ads,1661,19,0,0.0,7.87,35,West,2024-08-17
U0302,2025-08-20,CMP003,Email,1333,43,3,155.76,1.43,65,Central,2024-10-18
U0719,2025-06-10,CMP009,Social,511,11,1,10.63,1.63,57,East,2023-07-08
U0354,2025-03-09,CMP003,Social,1521,26,0,0.0,4.64,38,North,2023-01-20
U0361,2025-09-03,CMP010,Social,1466,26,2,88.59,3.4,44,Central,2024-11-15
U0433,2025-01-07,CMP009,Email,880,29,2,16.83,0.85,21,North,2024-06-17
U0274,2025-03-24,CMP005,Ads,399,5,0,0.0,2.0,62,East,2024-08-28
U0772,2025-01-17,CMP006,Ads,309,4,0,0.0,1.82,61,Central,2024-06-02
U0761,2025-07-19,CMP004,Social,1731,23,0,0.0,4.52,36,North,2024-06-24
U0397,2025-08-02,CMP006,Referral,210,13,1,4.73,0.13,65,East,2025-01-07
U0636,2025-08-15,CMP004,Ads,1543,10,0,0.0,9.54,59,East,2023-07-04
U0603,2025-04-11,CMP004,Social,463,10,0,0.0,1.25,22,South,2024-10-16
U0753,2025-09-21,CMP002,Social,977,16,1,16.1,2.72,53,East,2025-05-11
U0165,2025-05-11,CMP001,Social,1553,24,1,11.88,4.37,20,South,2024-06-15
U0612,2025-01-27,CMP010,Ads,716,9,0,0.0,4.57,54,Central,2024-01-27
U0075,2025-06-12,CMP009,Email,476,11,1,24.03,0.59,22,Central,2024-12-31
U0426,2025-07-26,CMP002,Social,1909,48,1,9.42,5.08,60,East,2024-08-21
U0370,2025-05-31,CMP004,Referral,1366,85,6,129.41,0.84,48,Central,2023-04-22
U0665,2025-01-05,CMP002,Ads,1012,11,0,0.0,5.02,59,Central,2023-04-10
U0250,2025-01-21,CMP006,Social,1730,62,2,9.61,5.19,42,East,2023-07-18
U0742,2025-05-25,CMP001,Ads,1783,27,1,15.24,11.04,50,Central,2024-02-24
U0499,2025-01-23,CMP005,Ads,494,5,0,0.0,2.7,50,North,2024-10-17
U0172,2025-01-04,CMP002,Email,1389,29,1,8.16,1.4,61,West,2024-09-20
U0211,2025-08-11,CMP002,Ads,414,7,0,0.0,2.53,47,East,2025-07-04
U0090,2025-02-07,CMP001,Email,615,21,1,29.9,0.56,22,Central,2024-06-19
U0265,2025-07-28,CMP007,Social,928,29,0,0.0,2.26,38,North,2024-06-25
U0690,2025-03-02,CMP009,Email,1575,39,2,43.2,1.53,22,Central,2025-01-15
U0718,2025-02-07,CMP006,Ads,317,11,0,0.0,1.49,61,East,2023-05-28
U0089,2025-05-25,CMP008,Social,1783,22,0,0.0,5.75,19,West,2024-12-16
U0547,2025-04-23,CMP003,Ads,1731,28,1,24.2,7.96,36,South,2024-06-22
U0694,2025-07-11,CMP001,Social,1236,24,0,0.0,2.79,25,North,2025-07-06
U0587,2025-07-21,CMP009,Social,274,1,0,0.0,0.88,31,East,2024-12-17
U0423,2025-09-20,CMP003,Email,552,14,0,0.0,0.58,34,South,2025-05-26
U0186,2025-01-28,CMP009,Social,1225,20,1,5.61,3.03,36,North,2024-05-17
U0101,2025-04-12,CMP010,Social,777,24,0,0.0,2.01,26,South,2024-12-31
U0292,2025-02-05,CMP004,Social,1022,16,0,0.0,2.64,57,East,2023-02-26
U0599,2025-03-20,CMP010,Social,1754,39,0,0.0,4.22,45,South,2025-03-16
U0321,2025-05-07,CMP004,Ads,1412,16,0,0.0,6.51,35,East,2024-12-21
U0696,2025-06-19,CMP008,Social,834,18,0,0.0,2.09,49,Central,2025-02-28
U0180,2025-02-11,CMP005,Ads,386,3,0,0.0,2.37,30,East,2023-01-22
U0642,2025-02-09,CMP002,Ads,1839,28,1,23.6,10.74,58,North,2023-06-25
U0593,2025-07-27,CMP010,Email,175,11,0,0.0,0.23,34,Central,2024-01-22
U0484,2025-03-18,CMP006,Social,1925,46,3,72.34,5.15,64,East,2024-11-01
U0476,2025-09-14,CMP009,Email,845,34,0,0.0,0.99,18,South,2023-12-26
U0701,2025-03-26,CMP009,Email,426,16,0,0.0,0.39,54,Central,2023-05-21
U0150,2025-09-05,CMP006,Email,1659,48,3,50.47,1.58,32,North,2024-12-09
U0379,2025-04-30,CMP001,Ads,1160,16,1,15.62,6.8,42,West,2024-01-21
U0048,2025-01-21,CMP006,Email,1167,22,3,133.58,1.37,35,East,2023-06-09
U0558,2025-03-31,CMP007,Ads,848,18,0,0.0,4.04,59,North,2023-10-19
U0258,2025-07-12,CMP004,Social,822,14,1,14.05,2.24,49,West,2023-11-02
U0007,2025-09-14,CMP003,Social,571,10,0,0.0,1.43,50,East,2025-02-10
U0154,2025-04-06,CMP003,Social,1569,32,1,5.93,3.61,60,South,2024-02-07
U0339,2025-02-28,CMP008,Ads,1081,18,1,8.28,5.06,55,South,2023-05-08
U0421,2025-01-12,CMP004,Email,1274,35,2,42.87,1.51,28,South,2023-04-09
U0525,2025-01-21,CMP010,Email,440,15,1,16.75,0.52,29,Central,2023-12-03
U0614,2025-01-10,CMP005,Ads,543,7,0,0.0,2.68,56,West,2023-09-05
U0175,2025-04-23,CMP007,Social,1727,42,3,69.71,5.03,29,Central,2023-06-18
U0524,2025-05-16,CMP003,Ads,801,2,0,0.0,5.08,56,Central,2025-03-07
U0236,2025-07-13,CMP007,Email,133,3,0,0.0,0.13,51,Central,2023-08-13
U0430,2025-03-18,CMP010,Email,1074,15,0,0.0,1.38,56,North,2023-09-21
U0516,2025-03-02,CMP002,Social,366,5,0,0.0,1.05,52,North,2022-12-30
U0695,2025-08-09,CMP009,Social,1891,18,0,0.0,4.59,62,Central,2024-05-27
U0235,2025-09-04,CMP007,Social,1747,22,0,0.0,5.11,62,Central,2025-05-27
U0436,2025-03-10,CMP005,Social,576,5,0,0.0,1.63,36,Central,2023-09-01
U0419,2025-05-12,CMP004,Email,1622,55,1,4.57,1.75,54,Central,2025-01-12
U0533,2025-01-04,CMP007,Ads,1508,33,3,37.94,8.23,44,East,2024-09-17
U0159,2025-08-07,CMP010,Social,1850,48,1,25.86,5.17,45,Central,2024-07-29
U0627,2025-05-22,CMP007,Ads,946,21,0,0.0,5.56,53,West,2024-11-20
U0380,2025-09-05,CMP005,Referral,1283,81,6,85.13,0.74,63,West,2023-08-14
U0142,2025-03-02,CMP004,Social,1532,22,1,9.43,4.84,24,South,2023-09-29
U0411,2025-06-23,CMP009,Social,1501,24,1,55.13,4.06,21,South,2024-05-21
U0652,2025-01-03,CMP002,Ads,1065,17,0,0.0,6.86,45,North,2024-10-30
U0270,2025-04-24,CMP006,Email,177,4,0,0.0,0.21,42,West,2023-08-05
U0672,2025-09-24,CMP005,Ads,1323,8,0,0.0,6.98,29,West,2024-07-02
U0011,2025-04-14,CMP009,Social,168,3,0,0.0,0.54,50,Central,2023-04-30
U0238,2025-03-28,CMP001,Social,1441,31,1,5.16,3.82,28,North,2024-06-19
U0799,2025-07-24,CMP006,Ads,930,9,0,0.0,4.57,30,Central,2025-07-09
U0755,2025-02-05,CMP002,Social,1587,22,0,0.0,5.01,55,East,2024-02-16
U0284,2025-04-26,CMP010,Referral,1031,55,3,62.3,0.48,54,North,2024-08-02
U0180,2025-07-28,CMP009,Email,248,5,0,0.0,0.31,36,East,2025-03-31
U0526,2025-05-12,CMP009,Ads,1277,21,0,0.0,8.23,62,West,2024-04-21
U0577,2025-09-05,CMP004,Ads,1688,28,0,0.0,10.76,61,West,2024-01-14
U0029,2025-09-04,CMP002,Social,883,20,3,121.32,2.85,32,South,2024-10-16
U0423,2025-06-30,CMP009,Social,1535,25,1,14.29,3.54,33,East,2025-03-27
U0409,2025-06-25,CMP002,Social,465,10,0,0.0,1.07,38,East,2024-11-14
U0588,2025-05-18,CMP003,Ads,1499,27,0,0.0,8.41,49,South,2024-09-20
U0754,2025-05-04,CMP005,Email,515,20,2,19.31,0.66,57,East,2024-11-26
U0798,2025-02-24,CMP002,Ads,1484,38,1,43.7,6.85,49,Central,2025-02-18
U0783,2025-01-22,CMP008,Social,745,20,0,0.0,1.74,54,East,2023-09-08
U0188,2025-09-19,CMP005,Social,1636,18,0,0.0,3.76,26,North,2024-03-30
U0434,2025-09-02,CMP009,Email,811,25,0,0.0,0.78,61,South,2024-05-22
U0124,2025-09-23,CMP008,Social,117,0,0,0.0,0.37,61,South,2024-08-31
U0595,2025-02-21,CMP006,Social,1865,42,0,0.0,5.21,29,Central,2024-05-28
U0243,2025-05-18,CMP008,Referral,802,57,4,49.85,0.39,29,West,2024-03-10
U0216,2025-08-03,CMP006,Social,920,10,2,32.21,2.94,46,South,2023-12-27
U0135,2025-04-28,CMP002,Ads,1746,24,0,0.0,10.2,53,West,2024-04-03
U0201,2025-03-16,CMP003,Social,119,2,0,0.0,0.31,44,West,2024-10-30
U0646,2025-09-22,CMP009,Ads,1708,30,0,0.0,8.5,37,East,2024-02-25
U0582,2025-01-25,CMP007,Email,434,15,1,5.84,0.4,31,East,2023-09-26
U0645,2025-02-19,CMP008,Ads,632,9,1,13.44,3.95,41,Central,2023-07-30
U0264,2025-06-26,CMP001,Social,819,13,0,0.0,1.99,56,South,2023-11-14
U0590,2025-03-31,CMP005,Social,1478,28,1,25.78,4.56,49,West,2025-01-10
U0391,2025-05-27,CMP008,Social,396,4,0,0.0,1.06,58,East,2024-03-22
U0647,2025-07-27,CMP002,Email,803,15,4,34.16,0.94,38,East,2023-09-28
U0299,2025-05-17,CMP010,Social,655,7,1,23.04,2.07,41,Central,2023-12-01
U0462,2025-07-31,CMP003,Email,147,5,0,0.0,0.17,64,South,2023-09-23
U0258,2025-02-10,CMP004,Email,310,7,0,0.0,0.31,22,West,2023-07-30
U0056,2025-01-14,CMP007,Social,270,7,0,0.0,0.76,34,Central,2024-08-08
U0087,2025-07-19,CMP005,Email,1610,53,3,46.79,1.78,46,South,2025-03-07
U0540,2025-03-29,CMP001,Email,830,20,0,0.0,1.06,48,West,2023-09-23
U0279,2025-08-16,CMP003,Referral,1528,83,5,120.37,0.85,29,Central,2023-12-14
U0468,2025-08-11,CMP009,Social,1193,15,1,15.46,3.75,40,West,2024-02-06
U0233,2025-02-15,CMP008,Social,944,24,1,17.48,2.66,27,East,2025-02-05
U0001,2025-09-25,CMP003,Social,1060,15,0,0.0,2.97,18,West,2023-08-14
U0489,2025-06-03,CMP001,Ads,1734,13,0,0.0,8.4,56,South,2025-05-27
U0562,2025-07-11,CMP004,Social,1248,13,0,0.0,2.83,43,South,2025-01-25
U0733,2025-07-19,CMP007,Email,262,12,2,32.32,0.25,58,South,2024-02-06
U0783,2025-05-20,CMP005,Social,1189,24,2,32.15,3.78,44,South,2025-03-11
U0187,2025-03-11,CMP005,Email,1032,33,3,67.69,1.02,46,East,2023-03-25
U0638,2025-09-09,CMP004,Social,411,10,1,5.52,1.05,52,North,2025-03-03
U0105,2025-05-25,CMP005,Email,997,33,2,117.38,1.02,18,South,2025-02-22
U0155,2025-01-08,CMP008,Email,960,26,2,32.75,1.08,49,East,2023-09-22
U0714,2025-01-17,CMP006,Email,1637,52,1,10.98,1.63,21,East,2022-11-15
U0402,2025-02-06,CMP009,Social,493,4,0,0.0,1.29,42,North,2024-10-05
U0787,2025-05-08,CMP007,Ads,1007,21,0,0.0,5.29,65,North,2024-10-17
U0472,2025-02-18,CMP009,Ads,526,6,0,0.0,2.7,42,East,2024-03-25
U0163,2025-01-22,CMP009,Social,618,11,1,22.86,1.86,58,East,2024-07-03
U0370,2025-01-27,CMP004,Referral,583,46,2,100.02,0.34,45,East,2025-01-12
U0172,2025-05-22,CMP010,Email,1716,42,4,34.2,2.2,18,North,2023-10-05
U0708,2025-09-01,CMP010,Email,1678,78,3,12.79,1.98,33,South,2024-04-08
U0094,2025-06-23,CMP001,Email,1420,45,2,16.43,1.69,62,Central,2025-03-06
U0129,2025-09-07,CMP004,Social,1243,25,1,50.98,3.03,40,West,2023-08-19
U0198,2025-01-11,CMP007,Social,375,8,0,0.0,1.15,20,West,2023-01-19
U0449,2025-05-31,CMP009,Ads,488,8,0,0.0,2.55,29,Central,2024-06-09
U0332,2025-08-28,CMP005,Ads,1326,17,0,0.0,6.09,28,North,2024-03-03
U0159,2025-08-19,CMP005,Ads,1209,20,0,0.0,7.72,47,North,2023-06-17
U0654,2025-09-17,CMP007,Ads,1908,30,0,0.0,12.31,57,East,2023-07-16
U0636,2025-05-03,CMP006,Ads,1448,10,0,0.0,9.06,42,South,2023-11-14
U0700,2025-09-12,CMP009,Email,679,27,1,12.44,0.79,44,East,2025-05-22
U0099,2025-09-25,CMP002,Email,365,7,1,8.78,0.45,20,South,2025-06-08
U0498,2025-04-09,CMP002,Email,1414,30,4,80.41,1.45,60,West,2023-10-19
U0639,2025-05-12,CMP001,Social,1340,39,0,0.0,3.31,22,North,2024-10-11
U0672,2025-09-09,CMP002,Social,1408,34,0,0.0,4.48,41,Central,2023-08-10
U0426,2025-07-08,CMP001,Ads,644,6,0,0.0,3.7,20,North,2024-08-31
U0080,2025-04-21,CMP009,Email,1585,33,1,8.22,1.55,52,West,2024-10-09
U0198,2025-09-27,CMP004,Social,466,12,0,0.0,1.36,65,Central,2024-07-29
U0765,2025-02-24,CMP010,Social,1039,32,0,0.0,2.82,60,West,2024-11-10
U0171,2025-04-03,CMP009,Social,791,25,1,44.97,2.21,28,Central,2023-07-29
U0454,2025-06-30,CMP006,Social,764,15,0,0.0,1.9,44,West,2023-06-18
U0332,2025-05-04,CMP010,Social,868,19,0,0.0,2.16,65,East,2024-05-01
U0464,2025-08-18,CMP007,Email,170,4,0,0.0,0.21,56,North,2024-03-06
U0139,2025-06-04,CMP001,Social,554,9,0,0.0,1.28,38,North,2023-04-06
U0707,2025-05-22,CMP009,Social,1268,17,0,0.0,3.01,27,North,2025-04-14
U0472,2025-07-02,CMP003,Email,851,15,2,43.8,1.05,33,South,2024-10-13
U0308,2025-02-17,CMP010,Social,1979,39,2,23.11,4.85,64,North,2023-02-08
U0333,2025-09-05,CMP003,Social,1941,27,0,0.0,4.68,62,Central,2025-05-31
U0610,2025-06-03,CMP001,Ads,1280,12,0,0.0,7.65,23,North,2023-04-06
U0343,2025-06-28,CMP007,Social,1877,29,0,0.0,5.0,32,Central,2025-06-17
U0650,2025-07-15,CMP001,Social,184,2,0,0.0,0.44,52,Central,2025-02-12
U0335,2025-09-15,CMP004,Email,1479,49,3,131.52,1.42,43,West,2023-08-07
U0610,2025-09-16,CMP002,Email,693,26,0,0.0,0.71,27,South,2024-10-07
U0085,2025-09-01,CMP010,Ads,1222,7,0,0.0,6.43,34,North,2024-07-20
U0514,2025-08-11,CMP003,Ads,1084,12,0,0.0,6.18,30,West,2024-07-03
U0668,2025-04-11,CMP009,Social,1606,29,1,24.69,4.9,33,South,2025-01-28
U0273,2025-08-09,CMP006,Ads,1279,19,0,0.0,6.56,25,West,2024-06-02
U0375,2025-06-28,CMP004,Social,1316,24,0,0.0,3.15,19,East,2025-01-06
U0359,2025-08-15,CMP010,Email,191,8,0,0.0,0.18,30,East,2025-03-09
U0776,2025-02-13,CMP002,Ads,597,7,1,22.06,3.57,27,East,2025-01-30
U0352,2025-02-26,CMP005,Social,146,4,0,0.0,0.35,31,Central,2024-07-25
U0209,2025-09-25,CMP005,Social,1375,24,2,93.55,4.4,27,North,2024-09-05
U0597,2025-09-27,CMP001,Social,223,8,0,0.0,0.61,30,Central,2024-12-24
U0055,2025-08-27,CMP001,Email,1452,63,1,17.77,1.57,60,East,2025-05-09
U0020,2025-05-30,CMP007,Email,879,22,1,27.62,1.08,63,North,2024-07-11
U0497,2025-09-30,CMP002,Email,1125,35,0,0.0,1.44,53,North,2025-08-21
U0254,2025-09-29,CMP005,Social,905,29,2,95.8,2.08,28,North,2024-10-09
U0701,2025-06-30,CMP006,Social,583,16,0,0.0,1.68,35,North,2023-09-29
U0264,2025-07-18,CMP001,Ads,673,12,0,0.0,4.04,27,East,2024-06-11
U0673,2025-03-12,CMP002,Ads,1166,15,0,0.0,6.24,57,South,2024-01-10
U0247,2025-03-20,CMP007,Referral,1963,131,8,195.74,0.93,39,West,2023-09-12
U0135,2025-04-16,CMP003,Social,1500,32,0,0.0,4.53,26,East,2023-05-12
U0723,2025-09-26,CMP003,Social,1961,41,0,0.0,4.65,59,Central,2025-04-18
U0326,2025-02-04,CMP009,Social,1573,39,0,0.0,4.87,29,East,2024-09-08
U0745,2025-01-16,CMP006,Ads,947,9,0,0.0,5.46,37,West,2022-12-15
U0653,2025-05-21,CMP003,Ads,318,1,0,0.0,1.98,29,North,2023-04-02
U0627,2025-05-17,CMP010,Social,572,15,1,29.3,1.59,32,South,2023-06-14
U0027,2025-07-03,CMP002,Ads,1076,11,0,0.0,6.13,50,Central,2024-03-10
U0730,2025-07-11,CMP003,Ads,1106,15,0,0.0,7.02,26,South,2024-12-26
U0232,2025-01-17,CMP007,Ads,130,1,0,0.0,0.74,44,South,2022-12-19
U0688,2025-04-14,CMP004,Email,1998,93,1,22.44,1.95,57,West,2023-05-11
U0333,2025-08-23,CMP004,Social,1689,36,0,0.0,4.39,56,West,2023-08-17
U0321,2025-07-21,CMP010,Ads,1271,7,0,0.0,6.57,52,Central,2023-10-04
U0722,2025-01-20,CMP009,Email,1035,33,5,25.18,1.19,33,Central,2023-07-20
U0406,2025-01-21,CMP009,Social,1667,27,0,0.0,4.15,21,South,2024-03-29
U0451,2025-07-23,CMP005,Ads,685,13,0,0.0,3.25,28,West,2024-09-25
U0628,2025-01-28,CMP009,Ads,1049,19,0,0.0,4.8,46,North,2023-01-20
U0513,2025-02-27,CMP003,Ads,1931,46,0,0.0,10.11,52,South,2024-01-22
U0424,2025-06-15,CMP008,Email,1029,37,2,49.11,1.12,63,South,2024-03-07
U0093,2025-05-09,CMP006,Ads,1957,19,2,82.25,10.71,28,North,2025-02-05
U0117,2025-08-19,CMP006,Email,1548,43,2,45.63,1.74,64,Central,2023-12-02
U0164,2025-07-13,CMP009,Social,1673,15,2,19.02,4.77,39,Central,2023-09-07
U0154,2025-03-25,CMP003,Email,1558,61,1,5.16,1.88,44,East,2024-05-13
U0748,2025-08-17,CMP005,Social,340,9,1,10.49,0.81,30,North,2023-11-19
U0784,2025-05-10,CMP001,Social,1851,35,1,21.41,4.72,52,North,2023-08-27
U0506,2025-05-02,CMP004,Social,1074,24,0,0.0,2.46,44,West,2025-02-10
U0616,2025-01-04,CMP004,Ads,669,6,0,0.0,3.18,58,Central,2024-06-06
U0051,2025-04-05,CMP003,Email,814,26,1,4.04,0.74,27,North,2023-05-23
U0592,2025-06-02,CMP006,Ads,200,7,0,0.0,1.27,44,South,2024-12-19
U0689,2025-05-26,CMP010,Ads,1533,27,1,29.41,8.97,54,Central,2024-11-26
U0467,2025-07-04,CMP001,Email,712,20,0,0.0,0.86,41,West,2025-04-26
U0777,2025-08-07,CMP009,Email,1064,33,1,9.22,1.38,25,East,2024-09-04
U0540,2025-07-31,CMP009,Email,528,28,1,28.02,0.57,21,North,2023-12-24
U0748,2025-09-28,CMP002,Social,1510,38,0,0.0,4.54,63,East,2024-07-18
U0624,2025-06-12,CMP005,Social,1376,43,0,0.0,3.33,26,Central,2023-11-14
U0509,2025-09-24,CMP008,Social,468,3,0,0.0,1.12,32,East,2025-03-10
U0002,2025-03-02,CMP001,Social,1731,52,2,10.02,3.91,65,South,2023-06-11
U0425,2025-07-31,CMP001,Social,1247,29,4,193.66,3.43,31,North,2023-10-15
U0207,2025-05-25,CMP005,Ads,730,12,1,17.19,3.95,50,Central,2024-06-28
U0786,2025-01-04,CMP002,Ads,799,6,0,0.0,4.97,64,Central,2023-04-15
U0030,2025-03-31,CMP004,Social,792,13,0,0.0,1.94,48,West,2025-02-23
U0662,2025-03-11,CMP008,Email,1043,26,2,45.82,1.13,39,West,2024-01-13
U0761,2025-01-29,CMP009,Social,1584,24,0,0.0,4.8,38,Central,2023-07-31
U0020,2025-04-17,CMP010,Ads,1737,9,0,0.0,9.01,22,South,2024-07-04
U0032,2025-06-23,CMP007,Social,1825,32,1,10.84,5.9,54,Central,2024-05-21
U0192,2025-03-01,CMP005,Ads,744,5,0,0.0,4.5,20,East,2024-01-03
U0089,2025-09-12,CMP004,Social,1798,29,0,0.0,5.65,31,Central,2024-11-07
U0180,2025-02-27,CMP006,Ads,1692,31,0,0.0,8.75,23,West,2023-09-28
U0026,2025-09-05,CMP009,Email,796,36,2,39.25,0.81,64,Central,2024-10-23
U0795,2025-06-17,CMP003,Ads,301,1,0,0.0,1.39,61,South,2024-11-19
U0742,2025-01-19,CMP008,Social,1871,24,0,0.0,4.69,25,North,2024-03-07
U0046,2025-02-14,CMP006,Social,194,2,1,5.89,0.5,51,East,2025-01-22
U0592,2025-06-09,CMP004,Social,494,4,0,0.0,1.16,35,Central,2024-07-18
U0792,2025-08-14,CMP002,Social,422,6,0,0.0,1.26,25,North,2023-11-16
U0574,2025-09-21,CMP002,Email,817,26,6,171.2,0.9,38,East,2025-04-30
U0722,2025-05-26,CMP010,Email,245,6,1,15.09,0.32,57,East,2023-11-20
U0455,2025-01-26,CMP003,Email,1949,51,3,140.82,2.09,21,North,2023-12-31
U0056,2025-02-14,CMP007,Social,1543,20,1,28.1,3.84,55,West,2023-05-25
U0365,2025-06-09,CMP006,Ads,1560,20,0,0.0,8.61,52,North,2023-04-28
U0783,2025-08-27,CMP010,Email,1764,54,4,206.65,2.09,47,North,2024-05-18
U0318,2025-08-27,CMP008,Email,558,14,0,0.0,0.56,57,East,2024-08-20
U0402,2025-04-04,CMP006,Ads,1907,27,0,0.0,9.81,47,West,2025-03-05
U0067,2025-09-01,CMP002,Social,1044,31,0,0.0,2.75,36,East,2023-12-23
U0589,2025-03-07,CMP009,Email,1774,35,0,0.0,2.29,24,East,2023-08-16
U0666,2025-02-06,CMP005,Social,920,13,0,0.0,2.7,44,South,2023-05-13
U0250,2025-03-23,CMP008,Social,797,13,1,8.26,2.27,62,Central,2024-01-07
U0446,2025-06-25,CMP009,Ads,454,7,0,0.0,2.46,60,North,2023-05-30
U0729,2025-09-07,CMP002,Social,1048,26,0,0.0,2.72,53,North,2024-06-09
U0181,2025-06-07,CMP007,Email,322,7,0,0.0,0.32,56,West,2024-07-07
U0507,2025-02-01,CMP002,Email,384,12,0,0.0,0.5,58,North,2022-12-19
U0151,2025-03-18,CMP008,Social,898,13,0,0.0,2.78,54,West,2024-08-30
U0211,2025-06-12,CMP005,Social,1970,60,1,40.2,5.24,37,West,2023-06-08
U0353,2025-02-15,CMP010,Email,1145,48,2,36.7,1.23,26,East,2024-12-14
U0379,2025-01-28,CMP001,Ads,1780,52,3,46.23,8.99,25,East,2024-12-28
U0241,2025-08-10,CMP010,Social,751,8,1,51.39,2.16,42,West,2024-07-16
U0446,2025-04-19,CMP003,Social,485,6,0,0.0,1.18,42,East,2024-02-17
U0158,2025-05-28,CMP003,Email,246,3,0,0.0,0.31,19,South,2023-05-21
U0499,2025-08-12,CMP003,Email,1415,39,4,88.57,1.34,47,Central,2024-06-03
U0639,2025-04-03,CMP008,Social,1230,26,0,0.0,3.13,42,East,2024-08-15
U0191,2025-08-06,CMP010,Email,1120,30,3,129.8,1.05,33,Central,2024-11-04
U0421,2025-07-07,CMP001,Referral,1263,55,9,203.63,0.73,63,East,2025-03-14
U0595,2025-09-04,CMP002,Email,1597,44,2,56.7,1.89,35,West,2024-03-24
U0081,2025-09-25,CMP010,Email,1067,34,1,59.95,1.07,65,North,2023-10-26
U0649,2025-06-09,CMP010,Email,803,16,1,27.25,0.99,18,West,2024-03-02
U0525,2025-08-29,CMP010,Ads,962,16,1,17.89,6.08,36,East,2025-03-11
U0037,2025-06-05,CMP010,Social,1388,22,1,21.61,3.76,55,South,2023-10-28
U0053,2025-05-30,CMP010,Email,1092,35,1,4.13,1.41,26,Central,2025-03-13
U0285,2025-05-10,CMP003,Social,663,11,0,0.0,1.97,18,North,2023-08-31
U0179,2025-03-19,CMP008,Social,459,4,0,0.0,1.31,62,South,2023-11-09
U0186,2025-09-28,CMP001,Social,272,1,0,0.0,0.68,56,South,2024-05-09
U0771,2025-07-31,CMP007,Email,1001,33,0,0.0,1.23,58,South,2024-12-28
U0592,2025-06-26,CMP001,Social,1647,34,0,0.0,4.67,21,South,2024-03-08
U0409,2025-09-01,CMP005,Social,1640,24,0,0.0,5.07,32,West,2023-10-03
U0723,2025-07-19,CMP008,Social,1186,35,1,18.19,2.7,18,East,2024-04-16
U0392,2025-06-11,CMP009,Ads,184,4,0,0.0,0.9,52,East,2024-03-26
U0626,2025-05-20,CMP006,Social,1743,21,1,5.72,5.6,34,Central,2024-04-15
U0473,2025-05-04,CMP010,Ads,1164,7,1,15.47,6.68,61,South,2024-06-18
U0561,2025-01-06,CMP001,Ads,124,4,0,0.0,0.77,24,Central,2024-09-22
U0702,2025-08-17,CMP006,Email,680,21,2,24.4,0.77,30,North,2025-07-24
U0635,2025-02-17,CMP001,Ads,1444,21,0,0.0,9.14,56,North,2023-02-23
U0123,2025-02-14,CMP010,Email,1444,58,3,133.97,1.39,54,South,2024-10-24
U0713,2025-04-05,CMP005,Social,1452,42,2,9.62,4.7,58,West,2024-06-26
U0788,2025-08-07,CMP006,Social,1698,23,0,0.0,5.37,35,North,2024-07-12
U0398,2025-06-20,CMP001,Social,1764,35,2,26.02,5.68,29,West,2025-04-10
U0504,2025-04-13,CMP010,Social,1421,37,0,0.0,3.33,24,South,2023-10-08
U0788,2025-08-09,CMP004,Social,317,5,0,0.0,0.78,63,East,2025-04-26
U0036,2025-02-07,CMP002,Social,613,17,0,0.0,1.76,19,West,2024-09-08
U0669,2025-01-01,CMP001,Ads,645,13,1,11.97,3.11,62,East,2023-11-28
U0589,2025-01-02,CMP009,Ads,1678,38,3,50.57,10.17,48,West,2023-11-16
U0746,2025-02-05,CMP009,Email,887,27,1,48.76,0.91,48,North,2023-07-06
U0549,2025-07-03,CMP006,Ads,920,13,0,0.0,5.82,58,North,2024-06-24
U0548,2025-06-24,CMP002,Ads,1657,36,0,0.0,9.53,59,South,2024-12-26
U0568,2025-01-21,CMP007,Ads,712,9,0,0.0,4.05,42,North,2023-04-17
U0706,2025-07-03,CMP008,Email,1395,30,1,18.12,1.63,65,South,2025-02-10
U0037,2025-04-09,CMP001,Ads,1314,23,2,23.71,6.34,49,West,2025-02-04
U0554,2025-06-07,CMP008,Social,1808,30,0,0.0,4.69,19,North,2024-06-25
U0058,2025-06-22,CMP001,Social,533,10,0,0.0,1.64,60,Central,2024-03-10
U0695,2025-03-18,CMP010,Email,247,3,0,0.0,0.31,65,South,2023-11-04
U0670,2025-01-10,CMP008,Ads,1366,28,1,5.46,6.62,33,South,2024-12-27
U0177,2025-01-26,CMP005,Ads,299,3,0,0.0,1.94,57,South,2023-06-01
U0066,2025-02-24,CMP002,Social,1736,50,2,48.35,4.16,32,North,2024-08-01
U0437,2025-06-22,CMP007,Social,1501,23,1,23.2,4.14,52,South,2024-07-28
U0219,2025-01-24,CMP010,Email,229,6,0,0.0,0.26,35,South,2022-12-11
U0426,2025-03-28,CMP006,Social,998,14,0,0.0,2.69,55,North,2024-11-12
U0103,2025-07-12,CMP003,Email,1097,33,2,8.84,1.09,18,North,2025-01-10
U0092,2025-05-26,CMP007,Ads,1722,28,2,42.71,9.29,62,South,2024-10-27
U0147,2025-05-19,CMP009,Social,589,8,0,0.0,1.61,57,North,2023-09-17
U0185,2025-09-13,CMP010,Referral,1384,83,5,81.56,0.79,40,West,2025-09-09
U0572,2025-05-01,CMP004,Email,1185,27,0,0.0,1.23,57,East,2023-03-14
U0553,2025-09-17,CMP004,Social,1382,30,1,42.59,3.63,31,East,2025-07-25
U0199,2025-02-27,CMP003,Ads,1966,34,0,0.0,11.64,49,South,2024-09-17
U0687,2025-01-23,CMP001,Social,683,10,0,0.0,1.73,45,East,2024-02-16
U0632,2025-08-21,CMP001,Email,207,10,0,0.0,0.21,29,South,2025-07-23
U0497,2025-09-21,CMP002,Email,581,22,2,115.7,0.54,46,Central,2024-02-06
U0334,2025-08-03,CMP004,Ads,1939,28,0,0.0,11.38,32,North,2024-09-04
U0234,2025-02-20,CMP004,Ads,1881,19,0,0.0,8.54,42,South,2024-12-07
U0483,2025-09-06,CMP001,Ads,396,0,0,0.0,1.9,57,West,2025-03-08
U0397,2025-07-11,CMP003,Social,497,12,0,0.0,1.27,40,East,2024-12-16
U0344,2025-03-07,CMP001,Ads,222,7,0,0.0,1.18,26,North,2023-11-17
U0470,2025-08-03,CMP003,Ads,550,12,2,25.05,3.51,56,South,2023-10-20
U0627,2025-03-29,CMP010,Referral,1851,107,13,119.04,1.19,23,West,2023-10-12
U0501,2025-04-21,CMP010,Social,1047,35,4,49.07,2.51,18,West,2023-03-30
U0253,2025-05-07,CMP006,Social,555,16,0,0.0,1.26,27,Central,2025-05-02
U0428,2025-01-23,CMP001,Referral,1602,92,13,325.42,0.97,20,West,2023-07-30
U0404,2025-09-03,CMP002,Social,592,9,0,0.0,1.69,53,North,2023-09-25
U0750,2025-07-28,CMP004,Email,705,20,0,0.0,0.87,59,North,2025-07-12
U0492,2025-06-06,CMP003,Ads,1857,27,1,21.32,10.39,65,Central,2025-05-13
U0466,2025-08-26,CMP003,Ads,930,9,1,11.42,4.37,41,West,2023-09-06
U0649,2025-01-01,CMP002,Social,1514,35,0,0.0,3.56,51,North,2024-03-04
U0437,2025-05-19,CMP010,Social,1727,25,0,0.0,4.29,61,North,2023-08-23
U0344,2025-01-29,CMP009,Ads,1481,21,1,15.56,7.04,21,North,2024-01-03
U0375,2025-08-27,CMP010,Email,850,23,2,16.85,0.94,59,Central,2023-09-06
U0069,2025-04-15,CMP003,Referral,588,35,4,99.72,0.32,25,West,2023-03-22
U0771,2025-04-18,CMP004,Social,1938,36,0,0.0,5.47,50,West,2024-07-09
U0056,2025-02-02,CMP006,Social,1095,26,0,0.0,2.73,51,North,2023-10-10
U0727,2025-09-30,CMP009,Ads,1025,11,0,0.0,4.68,41,North,2025-03-22
U0469,2025-02-14,CMP002,Social,466,11,0,0.0,1.5,22,North,2024-08-30
U0283,2025-02-27,CMP003,Social,1891,21,0,0.0,4.64,51,North,2024-05-03
U0427,2025-03-09,CMP008,Social,1009,25,0,0.0,3.02,59,North,2024-05-15
U0194,2025-02-02,CMP001,Ads,575,8,0,0.0,3.63,59,East,2023-12-09
U0593,2025-06-25,CMP006,Social,1463,28,0,0.0,4.67,51,Central,2024-03-27
U0469,2025-06-05,CMP010,Email,1716,64,2,32.43,2.0,28,East,2024-10-16
U0496,2025-07-10,CMP005,Ads,196,1,0,0.0,1.2,40,East,2024-03-31
U0171,2025-03-24,CMP009,Social,459,8,0,0.0,1.21,62,South,2024-10-10
U0244,2025-03-01,CMP001,Referral,1276,80,5,48.21,0.81,46,East,2024-02-17
U0189,2025-04-16,CMP009,Ads,1463,26,0,0.0,8.88,40,South,2024-03-31
U0460,2025-03-25,CMP009,Social,1985,52,0,0.0,4.59,43,West,2023-01-29
U0149,2025-08-23,CMP006,Email,1612,49,2,46.02,1.61,50,East,2023-10-31
U0723,2025-06-01,CMP008,Ads,1644,13,0,0.0,7.58,60,South,2023-11-01
U0747,2025-08-15,CMP006,Ads,1598,24,0,0.0,8.99,20,South,2023-09-21
U0565,2025-03-01,CMP005,Email,1364,39,1,8.47,1.76,46,East,2024-11-27
U0335,2025-01-29,CMP010,Social,1294,16,0,0.0,3.74,32,East,2024-07-13
U0024,2025-02-12,CMP009,Ads,1486,13,1,44.19,6.9,23,Central,2024-01-06
U0200,2025-09-09,CMP006,Social,1147,25,2,8.36,3.67,60,East,2024-07-29
U0152,2025-08-07,CMP006,Social,124,1,0,0.0,0.29,40,East,2024-09-26
U0457,2025-02-14,CMP004,Ads,1009,8,0,0.0,5.28,44,West,2024-04-25
U0168,2025-08-06,CMP007,Email,1302,23,0,0.0,1.23,23,South,2025-01-06
U0311,2025-09-01,CMP009,Referral,235,21,3,71.71,0.13,42,North,2025-08-26
U0420,2025-05-20,CMP007,Email,1046,32,4,211.54,1.21,54,South,2024-10-28
U0191,2025-07-15,CMP005,Social,186,7,0,0.0,0.57,55,East,2024-02-26
U0573,2025-08-26,CMP004,Email,105,3,0,0.0,0.1,34,East,2023-11-10
U0652,2025-08-30,CMP002,Ads,1928,24,0,0.0,9.28,44,South,2024-04-14
U0705,2025-05-06,CMP001,Email,667,16,0,0.0,0.69,22,Central,2023-04-04
U0371,2025-09-04,CMP010,Social,628,21,0,0.0,1.94,61,West,2023-09-25
U0123,2025-07-11,CMP009,Ads,135,2,0,0.0,0.66,28,Central,2025-05-13
U0150,2025-06-13,CMP008,Ads,377,7,1,14.71,1.8,28,North,2024-09-07
U0370,2025-08-03,CMP006,Email,697,20,2,57.63,0.72,58,North,2024-02-24
U0199,2025-04-04,CMP002,Social,442,8,0,0.0,1.21,38,East,2023-05-04
U0309,2025-05-19,CMP006,Email,1287,29,2,30.31,1.57,27,North,2024-12-30
U0531,2025-05-25,CMP006,Ads,943,18,0,0.0,6.0,28,North,2024-10-14
U0159,2025-09-15,CMP004,Ads,1728,33,2,50.19,9.66,57,Central,2024-03-20
U0730,2025-02-28,CMP007,Social,256,2,1,4.82,0.7,26,North,2023-10-26
U0357,2025-06-09,CMP006,Email,1005,29,3,65.05,0.98,51,East,2024-12-15
U0727,2025-06-05,CMP001,Ads,342,1,0,0.0,2.1,26,South,2023-07-02
U0233,2025-06-07,CMP003,Email,260,5,2,41.54,0.31,62,North,2025-03-20
U0020,2025-09-05,CMP007,Email,320,5,0,0.0,0.41,60,Central,2024-01-07
U0061,2025-08-29,CMP002,Ads,188,2,0,0.0,1.02,37,North,2023-07-19
U0099,2025-03-05,CMP010,Email,1945,45,0,0.0,2.14,29,East,2025-02-04
U0093,2025-03-16,CMP005,Ads,812,12,2,34.95,3.99,28,Central,2023-01-07
U0747,2025-05-04,CMP009,Social,302,6,0,0.0,0.82,18,Central,2024-09-24
U0733,2025-04-09,CMP005,Email,1644,62,6,125.29,1.75,18,North,2024-09-02
U0517,2025-09-01,CMP006,Ads,479,17,0,0.0,2.47,61,North,2025-02-28
U0364,2025-07-14,CMP007,Email,566,22,2,35.26,0.71,25,East,2025-03-10
U0478,2025-02-26,CMP009,Email,1661,37,2,28.75,1.63,63,East,2023-08-06
U0740,2025-01-21,CMP002,Social,336,6,0,0.0,1.09,36,West,2023-05-18
U0754,2025-06-09,CMP008,Email,934,22,1,12.94,1.19,45,South,2025-03-30
U0488,2025-07-08,CMP003,Email,1480,47,3,66.59,1.66,61,North,2024-05-29
U0449,2025-09-25,CMP002,Email,908,17,1,18.15,0.82,62,Central,2025-06-13
U0760,2025-03-28,CMP002,Social,507,19,1,12.38,1.42,30,Central,2024-02-09
U0126,2025-04-30,CMP007,Ads,670,7,0,0.0,3.56,55,Central,2024-07-25
U0775,2025-07-24,CMP006,Social,1335,23,1,23.59,3.36,49,Central,2024-10-12
U0151,2025-08-21,CMP002,Email,1102,37,3,63.79,1.35,32,South,2025-07-22
U0102,2025-01-28,CMP002,Social,154,4,1,10.07,0.36,42,Central,2023-03-05
U0335,2025-03-20,CMP005,Social,297,5,0,0.0,0.67,60,Central,2023-01-25
U0505,2025-08-27,CMP004,Social,1119,30,0,0.0,3.32,50,East,2024-02-19
U0352,2025-01-10,CMP001,Referral,1902,108,16,68.18,1.0,42,West,2024-02-23
U0386,2025-08-15,CMP008,Email,462,8,0,0.0,0.43,60,East,2023-08-23
U0169,2025-09-09,CMP007,Email,1565,53,5,113.82,1.91,49,North,2024-02-05
U0692,2025-09-09,CMP009,Ads,1271,12,0,0.0,6.12,48,Central,2025-04-02
U0519,2025-01-29,CMP007,Social,1310,25,0,0.0,4.26,57,East,2022-12-07
U0292,2025-06-14,CMP001,Email,192,7,1,11.7,0.17,41,East,2023-05-17
U0598,2025-01-14,CMP006,Social,976,21,1,14.76,2.79,40,West,2024-01-21
U0058,2025-05-06,CMP004,Email,739,33,1,24.95,0.69,23,North,2024-06-28
U0118,2025-06-22,CMP003,Email,767,18,2,9.34,0.85,47,West,2023-11-19
U0528,2025-08-04,CMP005,Email,1061,24,2,59.1,1.06,19,East,2024-07-14
U0585,2025-07-19,CMP006,Social,1755,27,0,0.0,5.17,24,South,2024-08-09
U0509,2025-09-15,CMP006,Email,713,13,1,12.04,0.66,45,South,2024-04-25
U0651,2025-02-08,CMP009,Email,643,18,1,5.14,0.81,37,Central,2023-12-25
U0232,2025-02-17,CMP010,Email,789,23,1,12.29,0.77,22,Central,2023-08-24
U0487,2025-08-07,CMP004,Social,257,4,0,0.0,0.77,37,Central,2024-10-04
U0444,2025-06-10,CMP004,Social,614,8,1,25.82,1.71,50,West,2023-07-24
U0782,2025-04-03,CMP001,Social,1157,16,1,8.47,2.75,54,West,2024-08-28
U0677,2025-08-28,CMP005,Ads,1191,20,1,27.64,5.95,45,Central,2023-08-15
U0642,2025-01-31,CMP009,Email,1047,25,1,10.9,0.99,33,South,2022-12-29
U0702,2025-06-03,CMP007,Social,1861,30,0,0.0,5.49,58,South,2024-04-07
U0274,2025-05-27,CMP003,Social,1331,21,0,0.0,3.44,43,South,2025-01-31
U0154,2025-04-09,CMP001,Email,1794,52,5,83.82,1.97,47,West,2023-09-14
U0447,2025-08-05,CMP001,Email,658,18,2,23.17,0.77,19,East,2024-10-25
U0675,2025-04-01,CMP001,Referral,1095,65,6,27.01,0.56,21,North,2024-05-15
U0617,2025-06-02,CMP002,Ads,933,13,0,0.0,5.59,60,North,2024-04-22
U0742,2025-03-13,CMP004,Email,1604,50,1,21.3,1.67,25,Central,2023-05-03
U0595,2025-09-26,CMP005,Social,284,2,0,0.0,0.82,56,North,2023-07-28
U0321,2025-06-18,CMP010,Ads,1750,30,0,0.0,10.9,65,South,2024-04-11
U0224,2025-03-15,CMP002,Email,662,14,0,0.0,0.74,44,East,2023-07-21
U0058,2025-09-09,CMP009,Social,331,10,0,0.0,0.96,52,West,2024-05-11
U0700,2025-05-07,CMP005,Ads,396,7,0,0.0,2.08,48,East,2024-06-26
U0022,2025-01-18,CMP001,Ads,1715,27,0,0.0,9.99,33,East,2023-07-03
U0394,2025-06-08,CMP006,Ads,1503,33,0,0.0,7.03,52,South,2024-03-12
U0398,2025-01-05,CMP007,Ads,1979,13,0,0.0,12.18,37,North,2022-11-23
U0242,2025-06-02,CMP004,Ads,428,6,0,0.0,2.75,58,East,2023-04-09
U0660,2025-07-28,CMP001,Social,264,3,1,18.76,0.64,48,West,2024-08-22
U0735,2025-08-05,CMP002,Ads,1530,15,0,0.0,7.41,50,North,2024-08-10
U0431,2025-06-17,CMP008,Ads,1660,32,0,0.0,9.72,59,South,2023-09-11
U0455,2025-03-11,CMP001,Social,1386,17,0,0.0,3.12,38,Central,2024-12-17
U0114,2025-03-22,CMP004,Social,1672,47,0,0.0,4.24,26,Central,2023-04-20
U0421,2025-06-13,CMP008,Social,1605,23,2,21.09,3.88,34,South,2023-07-11
U0608,2025-06-17,CMP005,Email,948,23,1,17.94,0.87,29,West,2024-05-27
U0585,2025-04-25,CMP001,Ads,1990,27,0,0.0,12.44,59,Central,2023-07-24
U0235,2025-02-15,CMP008,Email,1536,57,4,37.07,1.67,21,West,2023-05-25
U0440,2025-05-14,CMP003,Email,853,23,0,0.0,0.84,54,North,2025-04-30
U0736,2025-09-27,CMP007,Ads,1029,4,0,0.0,5.32,49,North,2025-02-10
U0731,2025-04-15,CMP004,Ads,1765,36,0,0.0,8.4,36,West,2024-03-20
U0134,2025-08-09,CMP004,Social,1787,36,1,13.28,5.23,64,South,2024-06-07
U0185,2025-07-29,CMP003,Email,636,15,1,11.67,0.8,57,West,2024-11-17
U0379,2025-08-23,CMP002,Email,372,11,0,0.0,0.47,62,West,2023-09-20
U0218,2025-07-16,CMP007,Ads,624,8,0,0.0,3.09,24,Central,2025-05-17
U0054,2025-06-20,CMP004,Social,825,18,0,0.0,1.92,60,Central,2023-06-25
U0767,2025-01-24,CMP001,Social,1369,25,0,0.0,3.87,37,West,2023-03-09
U0380,2025-03-09,CMP009,Email,467,9,1,14.04,0.58,28,Central,2023-10-22
U0348,2025-08-28,CMP003,Email,1554,34,1,27.67,1.53,45,South,2024-12-05
U0120,2025-06-10,CMP001,Referral,1122,78,2,28.3,0.54,65,East,2024-03-27
U0290,2025-05-15,CMP010,Ads,1997,4,1,14.3,10.95,51,East,2024-02-24
U0169,2025-06-11,CMP008,Ads,409,2,0,0.0,2.06,60,West,2025-04-18
U0194,2025-03-18,CMP001,Email,173,5,0,0.0,0.17,34,South,2023-03-27
U0479,2025-08-12,CMP002,Referral,1998,111,10,209.23,1.06,20,West,2024-08-12
U0727,2025-09-06,CMP008,Social,1832,42,0,0.0,4.71,27,North,2024-09-14
U0096,2025-04-15,CMP005,Email,444,9,1,49.5,0.46,50,East,2023-09-17
U0680,2025-04-19,CMP010,Referral,108,5,1,28.67,0.06,54,South,2024-02-18
U0079,2025-05-07,CMP008,Ads,1917,33,0,0.0,12.01,19,East,2023-06-10
U0697,2025-03-04,CMP007,Social,317,0,0,0.0,0.88,27,North,2024-12-11
U0472,2025-09-03,CMP008,Social,651,24,1,24.0,2.09,60,North,2024-10-01
U0045,2025-08-20,CMP006,Ads,1603,9,1,23.62,9.33,26,South,2025-07-02
U0660,2025-05-25,CMP006,Ads,1623,14,0,0.0,9.08,53,Central,2024-04-30
U0095,2025-07-24,CMP005,Email,1678,62,3,70.44,2.07,23,North,2024-12-23
U0167,2025-07-18,CMP007,Social,1641,28,1,43.15,3.74,27,North,2024-09-16
U0503,2025-08-10,CMP005,Ads,1335,25,0,0.0,8.44,40,North,2024-07-30
U0525,2025-04-13,CMP008,Social,894,15,0,0.0,2.7,35,Central,2023-08-08
U0434,2025-02-16,CMP007,Ads,1357,12,0,0.0,6.67,45,West,2024-11-13
